instrument_id,code,trade_date,reason
2904,004510,2026-09-01,price_missing
3004,007800,2026-09-01,price_missing
3089,010600,2026-09-01,price_missing
3157,013200,2026-09-01,price_missing
3160,013240,2026-09-01,price_missing
3162,013250,2026-09-01,price_missing
3173,013781,2026-09-01,price_missing
3196,014590,2026-09-01,price_missing
3240,016560,2026-09-01,price_missing
3280,018570,2026-09-01,price_missing
3282,018590,2026-09-01,price_missing
3300,019641,2026-09-01,price_missing
3304,019930,2026-09-01,price_missing
3306,019931,2026-09-01,price_missing
3312,021060,2026-09-01,price_missing
3313,021060,2026-09-01,price_missing
3318,021310,2026-09-01,price_missing
3322,021600,2026-09-01,price_missing
3324,021610,2026-09-01,price_missing
3330,021960,2026-09-01,price_missing
3336,022520,2026-09-01,price_missing
3342,023420,2026-09-01,price_missing
3361,024100,2026-09-01,price_missing
3369,024870,2026-09-01,price_missing
3397,025930,2026-09-01,price_missing
3433,027840,2026-09-01,price_missing
3453,029471,2026-09-01,price_missing
3461,030421,2026-09-01,price_missing
3469,030790,2026-09-01,price_missing
3475,031440,2026-09-01,price_missing
3490,032390,2026-09-01,price_missing
3493,032421,2026-09-01,price_missing
3497,032611,2026-09-01,price_missing
3498,032612,2026-09-01,price_missing
3511,033180,2026-09-01,price_missing
3528,034300,2026-09-01,price_missing
2904,004510,2026-09-02,price_missing
3004,007800,2026-09-02,price_missing
3089,010600,2026-09-02,price_missing
3157,013200,2026-09-02,price_missing
3160,013240,2026-09-02,price_missing
3162,013250,2026-09-02,price_missing
3173,013781,2026-09-02,price_missing
3196,014590,2026-09-02,price_missing
3240,016560,2026-09-02,price_missing
3280,018570,2026-09-02,price_missing
3282,018590,2026-09-02,price_missing
3300,019641,2026-09-02,price_missing
3304,019930,2026-09-02,price_missing
3306,019931,2026-09-02,price_missing
3312,021060,2026-09-02,price_missing
3313,021060,2026-09-02,price_missing
3318,021310,2026-09-02,price_missing
3322,021600,2026-09-02,price_missing
3324,021610,2026-09-02,price_missing
3330,021960,2026-09-02,price_missing
3336,022520,2026-09-02,price_missing
3342,023420,2026-09-02,price_missing
3361,024100,2026-09-02,price_missing
3369,024870,2026-09-02,price_missing
3397,025930,2026-09-02,price_missing
3433,027840,2026-09-02,price_missing
3453,029471,2026-09-02,price_missing
3461,030421,2026-09-02,price_missing
3469,030790,2026-09-02,price_missing
3475,031440,2026-09-02,price_missing
3490,032390,2026-09-02,price_missing
3493,032421,2026-09-02,price_missing
3497,032611,2026-09-02,price_missing
3498,032612,2026-09-02,price_missing
3511,033180,2026-09-02,price_missing
3528,034300,2026-09-02,price_missing
2904,004510,2026-09-03,price_missing
3004,007800,2026-09-03,price_missing
3089,010600,2026-09-03,price_missing
3157,013200,2026-09-03,price_missing
3160,013240,2026-09-03,price_missing
3162,013250,2026-09-03,price_missing
3173,013781,2026-09-03,price_missing
3196,014590,2026-09-03,price_missing
3240,016560,2026-09-03,price_missing
3280,018570,2026-09-03,price_missing
3282,018590,2026-09-03,price_missing
3300,019641,2026-09-03,price_missing
3304,019930,2026-09-03,price_missing
3306,019931,2026-09-03,price_missing
3312,021060,2026-09-03,price_missing
3313,021060,2026-09-03,price_missing
3318,021310,2026-09-03,price_missing
3322,021600,2026-09-03,price_missing
3324,021610,2026-09-03,price_missing
3330,021960,2026-09-03,price_missing
3336,022520,2026-09-03,price_missing
3342,023420,2026-09-03,price_missing
3361,024100,2026-09-03,price_missing
3369,024870,2026-09-03,price_missing
3397,025930,2026-09-03,price_missing
3433,027840,2026-09-03,price_missing
3453,029471,2026-09-03,price_missing
3461,030421,2026-09-03,price_missing
3469,030790,2026-09-03,price_missing
3475,031440,2026-09-03,price_missing
3490,032390,2026-09-03,price_missing
3493,032421,2026-09-03,price_missing
3497,032611,2026-09-03,price_missing
3498,032612,2026-09-03,price_missing
3511,033180,2026-09-03,price_missing
3528,034300,2026-09-03,price_missing
2904,004510,2026-09-04,price_missing
3004,007800,2026-09-04,price_missing
3089,010600,2026-09-04,price_missing
3157,013200,2026-09-04,price_missing
3160,013240,2026-09-04,price_missing
3162,013250,2026-09-04,price_missing
3173,013781,2026-09-04,price_missing
3196,014590,2026-09-04,price_missing
3240,016560,2026-09-04,price_missing
3280,018570,2026-09-04,price_missing
3282,018590,2026-09-04,price_missing
3300,019641,2026-09-04,price_missing
3304,019930,2026-09-04,price_missing
3306,019931,2026-09-04,price_missing
3312,021060,2026-09-04,price_missing
3313,021060,2026-09-04,price_missing
3318,021310,2026-09-04,price_missing
3322,021600,2026-09-04,price_missing
3324,021610,2026-09-04,price_missing
3330,021960,2026-09-04,price_missing
3336,022520,2026-09-04,price_missing
3342,023420,2026-09-04,price_missing
3361,024100,2026-09-04,price_missing
3369,024870,2026-09-04,price_missing
3397,025930,2026-09-04,price_missing
3433,027840,2026-09-04,price_missing
3453,029471,2026-09-04,price_missing
3461,030421,2026-09-04,price_missing
3469,030790,2026-09-04,price_missing
3475,031440,2026-09-04,price_missing
3490,032390,2026-09-04,price_missing
3493,032421,2026-09-04,price_missing
3497,032611,2026-09-04,price_missing
3498,032612,2026-09-04,price_missing
3511,033180,2026-09-04,price_missing
3528,034300,2026-09-04,price_missing
