instrument_id,code,year,market,expected,observed,valid,missing,invalid,review_required,non_tradable
5,000080,2026,KOSPI,4,4,0,0,0,4,0
16,0001A0,2026,KOSDAQ,4,4,0,0,0,4,0
24,000250,2026,KOSDAQ,4,4,0,0,0,4,0
33,000440,2026,KOSDAQ,4,4,0,0,0,4,0
36,0004V0,2026,KOSDAQ,4,4,0,0,0,4,0
37,0004Y0,2026,KOSDAQ,4,4,0,0,0,4,0
52,0007C0,2026,KOSDAQ,4,4,0,0,0,4,0
53,0007J0,2026,KOSDAQ,4,4,0,0,0,4,0
56,000850,2026,KOSPI,4,4,0,0,0,4,0
61,0008Z0,2026,KOSDAQ,4,4,0,0,0,4,0
66,0009K0,2026,KOSDAQ,4,4,0,0,0,4,0
67,001000,2026,KOSDAQ,4,4,0,0,0,4,0
77,0010F0,2026,KOSDAQ,4,4,0,0,0,4,0
78,0010V0,2026,KOSDAQ,4,4,0,0,0,4,0
81,0011A0,2026,KOSDAQ,4,4,0,0,0,4,0
82,0011T0,2026,KOSDAQ,4,4,0,0,0,4,0
95,0013V0,2026,KOSDAQ,4,4,0,0,0,4,0
110,001540,2026,KOSDAQ,4,4,0,0,0,4,0
112,001560,2026,KOSPI,4,4,0,0,0,4,0
114,0015G0,2026,KOSDAQ,4,4,0,0,0,4,0
115,0015N0,2026,KOSDAQ,4,4,0,0,0,4,0
116,0015S0,2026,KOSDAQ,4,4,0,0,0,4,0
126,001780,2026,KOSPI,4,4,0,0,0,4,0
129,0017J0,2026,KOSDAQ,4,4,0,0,0,4,0
131,001810,2026,KOSDAQ,4,4,0,0,0,4,0
133,001840,2026,KOSDAQ,4,4,4,0,0,0,0
141,002150,2026,KOSPI,4,4,0,0,0,4,0
146,002230,2026,KOSDAQ,4,4,0,0,0,4,0
148,002290,2026,KOSDAQ,4,4,0,0,0,4,0
163,002680,2026,KOSDAQ,4,4,0,0,0,4,0
164,002690,2026,KOSPI,4,4,0,0,0,4,0
175,002800,2026,KOSDAQ,4,4,0,0,0,4,0
195,003100,2026,KOSDAQ,4,4,0,0,0,4,0
199,003220,2026,KOSPI,4,4,0,0,0,4,0
204,003310,2026,KOSDAQ,4,4,0,0,0,4,0
227,003670,2026,KOSPI,4,4,0,0,0,4,0
232,0037T0,2026,KOSDAQ,4,4,0,0,0,4,0
233,003800,2026,KOSDAQ,4,4,0,0,0,4,0
239,0039P0,2026,KOSDAQ,4,4,0,0,0,4,0
250,0041B0,2026,KOSDAQ,4,4,0,0,0,4,0
251,0041J0,2026,KOSDAQ,4,4,0,0,0,4,0
252,0041L0,2026,KOSDAQ,4,4,0,0,0,4,0
264,004440,2026,KOSPI,4,4,0,0,0,4,0
267,0044K0,2026,KOSDAQ,4,4,0,0,0,4,0
271,004590,2026,KOSDAQ,4,4,0,0,0,4,0
272,004650,2026,KOSDAQ,4,4,0,0,0,4,0
278,004780,2026,KOSDAQ,4,4,0,0,0,4,0
284,004890,2026,KOSPI,4,4,0,0,0,4,0
298,005160,2026,KOSDAQ,4,4,0,0,0,4,0
302,005290,2026,KOSDAQ,4,4,0,0,0,4,0
315,0054V0,2026,KOSDAQ,4,4,0,0,0,4,0
318,005670,2026,KOSDAQ,4,4,0,0,0,4,0
321,005710,2026,KOSDAQ,4,4,0,0,0,4,0
332,005860,2026,KOSDAQ,4,4,0,0,0,4,0
342,005990,2026,KOSDAQ,4,4,0,0,0,4,0
344,006050,2026,KOSDAQ,4,4,0,0,0,4,0
350,006140,2026,KOSDAQ,4,4,0,0,0,4,0
364,006620,2026,KOSDAQ,4,4,0,0,0,4,0
365,006650,2026,KOSPI,4,4,0,0,0,4,0
367,006730,2026,KOSDAQ,4,4,0,0,0,4,0
372,006840,2026,KOSPI,4,4,0,0,0,4,0
373,006880,2026,KOSPI,4,4,0,0,0,4,0
374,006890,2026,KOSPI,4,4,0,0,0,4,0
375,0068Y0,2026,KOSDAQ,4,4,0,0,0,4,0
376,006910,2026,KOSDAQ,4,4,0,0,0,4,0
377,006920,2026,KOSDAQ,4,4,0,0,0,4,0
379,007070,2026,KOSPI,4,4,0,0,0,4,0
381,007120,2026,KOSPI,4,4,0,0,0,4,0
383,0071M0,2026,KOSDAQ,4,4,0,0,0,4,0
386,0072Z0,2026,KOSDAQ,4,4,0,0,0,4,0
388,007330,2026,KOSDAQ,4,4,0,0,0,4,0
390,007370,2026,KOSDAQ,4,4,0,0,0,4,0
391,007390,2026,KOSDAQ,4,4,0,0,0,4,0
393,007530,2026,KOSDAQ,4,4,0,0,0,4,0
399,007660,2026,KOSPI,4,4,0,0,0,4,0
400,007680,2026,KOSDAQ,4,4,0,0,0,4,0
403,007720,2026,KOSDAQ,4,4,0,0,0,4,0
404,007770,2026,KOSDAQ,4,4,0,0,0,4,0
408,007820,2026,KOSDAQ,4,4,0,0,0,4,0
416,008290,2026,KOSDAQ,4,4,0,0,0,4,0
417,0082N0,2026,KOSDAQ,4,4,0,0,0,4,0
420,008370,2026,KOSDAQ,4,4,0,0,0,4,0
422,008470,2026,KOSDAQ,4,4,0,0,0,4,0
429,008830,2026,KOSDAQ,4,4,0,0,0,4,0
431,0088D0,2026,KOSDAQ,4,4,0,0,0,4,0
432,0088M0,2026,KOSDAQ,4,4,0,0,0,4,0
442,0091W0,2026,KOSDAQ,4,4,0,0,0,4,0
444,009240,2026,KOSPI,4,4,0,0,0,4,0
447,009300,2026,KOSDAQ,4,4,0,0,0,4,0
450,0093G0,2026,KOSDAQ,4,4,0,0,0,4,0
458,009520,2026,KOSDAQ,4,4,0,0,0,4,0
459,009540,2026,KOSPI,4,4,0,0,0,4,0
461,009620,2026,KOSDAQ,4,4,4,0,0,0,0
463,0096B0,2026,KOSDAQ,4,4,0,0,0,4,0
464,0096D0,2026,KOSDAQ,4,4,0,0,0,4,0
465,009730,2026,KOSDAQ,4,4,0,0,0,4,0
466,009770,2026,KOSPI,4,4,0,0,0,4,0
467,009780,2026,KOSDAQ,4,4,0,0,0,4,0
468,0097F0,2026,KOSDAQ,4,4,0,0,0,4,0
472,0098T0,2026,KOSDAQ,4,4,0,0,0,4,0
473,009900,2026,KOSPI,4,4,0,0,0,4,0
475,0099W0,2026,KOSDAQ,4,4,0,0,0,4,0
476,0099X0,2026,KOSDAQ,4,4,4,0,0,0,0
477,010040,2026,KOSPI,4,4,0,0,0,4,0
483,010170,2026,KOSDAQ,4,4,0,0,0,4,0
484,0101C0,2026,KOSDAQ,4,4,0,0,0,4,0
485,010240,2026,KOSDAQ,4,4,0,0,0,4,0
486,010280,2026,KOSDAQ,4,4,0,0,0,4,0
487,010400,2026,KOSPI,4,4,0,0,0,4,0
488,010470,2026,KOSDAQ,4,4,0,0,0,4,0
490,0105P0,2026,KOSDAQ,4,4,0,0,0,4,0
499,010960,2026,KOSPI,4,4,0,0,0,4,0
501,011040,2026,KOSDAQ,4,4,0,0,0,4,0
502,011070,2026,KOSPI,4,4,0,0,0,4,0
503,011080,2026,KOSDAQ,4,4,0,0,0,4,0
509,011210,2026,KOSPI,4,4,0,0,0,4,0
513,011320,2026,KOSDAQ,4,4,0,0,0,4,0
515,011370,2026,KOSDAQ,4,4,0,0,0,4,0
518,011500,2026,KOSPI,4,4,0,0,0,4,0
519,011560,2026,KOSDAQ,4,4,0,0,0,4,0
520,0115H0,2026,KOSDAQ,4,4,0,0,0,4,0
527,0117P0,2026,KOSDAQ,4,4,0,0,0,4,0
531,0120G0,2026,KOSPI,4,4,0,0,0,4,0
532,012160,2026,KOSPI,4,4,0,0,0,4,0
536,012210,2026,KOSDAQ,4,4,0,0,0,4,0
540,012340,2026,KOSDAQ,4,4,0,0,0,4,0
543,012620,2026,KOSDAQ,4,4,0,0,0,4,0
546,0126Z0,2026,KOSPI,4,4,0,0,0,4,0
547,012700,2026,KOSDAQ,4,4,0,0,0,4,0
549,012790,2026,KOSDAQ,4,4,0,0,0,4,0
551,012860,2026,KOSDAQ,4,4,0,0,0,4,0
552,0129K0,2026,KOSDAQ,4,4,0,0,0,4,0
554,013030,2026,KOSDAQ,4,4,0,0,0,4,0
555,0130D0,2026,KOSDAQ,4,4,0,0,0,4,0
556,0130H0,2026,KOSDAQ,4,4,0,0,0,4,0
557,013120,2026,KOSDAQ,4,4,0,0,0,4,0
558,0131D0,2026,KOSDAQ,4,4,0,0,0,4,0
559,0132G0,2026,KOSDAQ,4,4,0,0,0,4,0
562,0134X0,2026,KOSDAQ,4,4,0,0,0,4,0
567,013720,2026,KOSDAQ,4,4,0,0,0,4,0
568,013810,2026,KOSDAQ,4,4,0,0,0,4,0
569,013870,2026,KOSPI,4,4,0,0,0,4,0
570,013890,2026,KOSPI,4,4,0,0,0,4,0
571,013990,2026,KOSDAQ,4,4,0,0,0,4,0
572,014100,2026,KOSDAQ,4,4,0,0,0,4,0
575,014190,2026,KOSDAQ,4,4,0,0,0,4,0
579,014470,2026,KOSDAQ,4,4,0,0,0,4,0
581,014570,2026,KOSDAQ,4,4,0,0,0,4,0
583,014620,2026,KOSDAQ,4,4,0,0,0,4,0
585,014710,2026,KOSPI,4,4,0,0,0,4,0
589,014830,2026,KOSPI,4,4,0,0,0,4,0
592,014940,2026,KOSDAQ,4,4,0,0,0,4,0
593,014950,2026,KOSDAQ,4,4,0,0,0,4,0
594,014970,2026,KOSDAQ,4,4,0,0,0,4,0
601,0156T0,2026,KOSDAQ,4,4,0,0,0,4,0
602,015710,2026,KOSDAQ,4,4,0,0,0,4,0
603,015750,2026,KOSDAQ,4,4,0,0,0,4,0
608,016100,2026,KOSDAQ,4,4,0,0,0,4,0
609,016250,2026,KOSDAQ,4,4,0,0,0,4,0
612,016450,2026,KOSPI,4,4,0,0,0,4,0
613,0164H0,2026,KOSDAQ,4,4,0,0,0,4,0
616,0165X0,2026,KOSDAQ,4,4,0,0,0,4,0
617,016600,2026,KOSDAQ,4,4,0,0,0,4,0
619,016670,2026,KOSDAQ,4,4,0,0,0,4,0
620,016710,2026,KOSPI,4,4,0,0,0,4,0
621,016740,2026,KOSPI,4,4,0,0,0,4,0
622,016790,2026,KOSDAQ,4,4,4,0,0,0,0
625,016920,2026,KOSDAQ,4,4,0,0,0,4,0
626,017000,2026,KOSDAQ,4,4,0,0,0,4,0
628,017180,2026,KOSPI,4,4,0,0,0,4,0
629,017250,2026,KOSDAQ,4,4,0,0,0,4,0
630,017370,2026,KOSPI,4,4,0,0,0,4,0
632,017480,2026,KOSDAQ,4,4,0,0,0,4,0
633,017510,2026,KOSDAQ,4,4,0,0,0,4,0
635,017650,2026,KOSDAQ,4,4,0,0,0,4,0
639,017860,2026,KOSPI,4,4,0,0,0,4,0
640,017890,2026,KOSDAQ,4,4,0,0,0,4,0
644,018000,2026,KOSDAQ,4,4,0,0,0,4,0
645,018120,2026,KOSDAQ,4,4,0,0,0,4,0
646,018250,2026,KOSPI,4,4,0,0,0,4,0
647,018260,2026,KOSPI,4,4,0,0,0,4,0
648,018290,2026,KOSDAQ,4,4,0,0,0,4,0
649,018310,2026,KOSDAQ,4,4,0,0,0,4,0
652,018620,2026,KOSDAQ,4,4,0,0,0,4,0
654,018680,2026,KOSDAQ,4,4,0,0,0,4,0
655,018700,2026,KOSDAQ,4,4,0,0,0,4,0
657,019010,2026,KOSDAQ,4,4,0,0,0,4,0
661,019210,2026,KOSDAQ,4,4,0,0,0,4,0
663,019540,2026,KOSDAQ,4,4,0,0,0,4,0
664,019550,2026,KOSDAQ,4,4,0,0,0,4,0
665,019570,2026,KOSDAQ,4,4,0,0,0,4,0
666,019660,2026,KOSDAQ,4,4,0,0,0,4,0
667,019680,2026,KOSPI,4,4,0,0,0,4,0
669,019770,2026,KOSDAQ,4,4,0,0,0,4,0
670,019990,2026,KOSDAQ,4,4,0,0,0,4,0
673,020150,2026,KOSPI,4,4,0,0,0,4,0
674,020180,2026,KOSDAQ,4,4,0,0,0,4,0
675,020400,2026,KOSDAQ,4,4,0,0,0,4,0
676,020560,2026,KOSPI,4,4,0,0,0,4,0
677,020710,2026,KOSDAQ,4,4,0,0,0,4,0
678,020760,2026,KOSPI,4,4,4,0,0,0,0
679,021040,2026,KOSDAQ,4,4,0,0,0,4,0
682,021080,2026,KOSDAQ,4,4,0,0,0,4,0
683,021240,2026,KOSPI,4,4,0,0,0,4,0
684,021320,2026,KOSDAQ,4,4,0,0,0,4,0
685,021650,2026,KOSDAQ,4,4,0,0,0,4,0
687,021880,2026,KOSDAQ,4,4,0,0,0,4,0
688,0218L0,2026,KOSDAQ,4,4,0,0,0,4,0
689,022100,2026,KOSPI,4,4,0,0,0,4,0
691,023000,2026,KOSPI,4,4,0,0,0,4,0
693,023160,2026,KOSDAQ,4,4,0,0,0,4,0
694,023350,2026,KOSPI,4,4,0,0,0,4,0
695,023410,2026,KOSDAQ,4,4,0,0,0,4,0
696,023440,2026,KOSDAQ,4,4,4,0,0,0,0
698,023530,2026,KOSPI,4,4,0,0,0,4,0
700,023600,2026,KOSDAQ,4,4,0,0,0,4,0
701,023760,2026,KOSDAQ,4,4,0,0,0,4,0
702,023770,2026,KOSDAQ,4,4,0,0,0,4,0
703,023790,2026,KOSDAQ,4,4,0,0,0,4,0
705,023810,2026,KOSPI,4,4,0,0,0,4,0
706,023900,2026,KOSDAQ,4,4,0,0,0,4,0
707,023910,2026,KOSDAQ,4,4,0,0,0,4,0
709,024060,2026,KOSDAQ,4,4,0,0,0,4,0
711,024090,2026,KOSPI,4,4,0,0,0,4,0
712,024110,2026,KOSPI,4,4,0,0,0,4,0
713,024120,2026,KOSDAQ,4,4,0,0,0,4,0
714,024720,2026,KOSPI,4,4,0,0,0,4,0
715,024740,2026,KOSDAQ,4,4,0,0,0,4,0
716,024800,2026,KOSDAQ,4,4,0,0,0,4,0
717,024830,2026,KOSDAQ,4,4,0,0,0,4,0
718,024840,2026,KOSDAQ,4,4,0,0,0,4,0
720,024880,2026,KOSDAQ,4,4,0,0,0,4,0
723,024910,2026,KOSDAQ,4,4,0,0,0,4,0
724,024940,2026,KOSDAQ,4,4,0,0,0,4,0
725,024950,2026,KOSDAQ,4,4,0,0,0,4,0
727,025320,2026,KOSDAQ,4,4,0,0,0,4,0
728,025440,2026,KOSDAQ,4,4,0,0,0,4,0
731,025550,2026,KOSDAQ,4,4,0,0,0,4,0
734,025750,2026,KOSPI,4,4,0,0,0,4,0
735,025770,2026,KOSDAQ,4,4,0,0,0,4,0
738,025870,2026,KOSDAQ,4,4,0,0,0,4,0
739,025880,2026,KOSDAQ,4,4,0,0,0,4,0
741,025900,2026,KOSDAQ,4,4,0,0,0,4,0
742,025950,2026,KOSDAQ,4,4,0,0,0,4,0
743,025980,2026,KOSDAQ,4,4,0,0,0,4,0
744,026040,2026,KOSDAQ,4,4,0,0,0,4,0
745,026150,2026,KOSDAQ,4,4,0,0,0,4,0
747,026910,2026,KOSDAQ,4,4,0,0,0,4,0
748,026940,2026,KOSPI,4,4,0,0,0,4,0
749,026960,2026,KOSPI,4,4,0,0,0,4,0
750,027040,2026,KOSDAQ,4,4,0,0,0,4,0
751,027050,2026,KOSDAQ,4,4,0,0,0,4,0
752,027360,2026,KOSDAQ,4,4,0,0,0,4,0
753,027410,2026,KOSPI,4,4,0,0,0,4,0
754,027580,2026,KOSDAQ,4,4,0,0,0,4,0
755,027710,2026,KOSDAQ,4,4,0,0,0,4,0
756,027740,2026,KOSPI,4,4,0,0,0,4,0
757,027830,2026,KOSDAQ,4,4,0,0,0,4,0
760,028080,2026,KOSDAQ,4,4,0,0,0,4,0
761,028100,2026,KOSPI,4,4,0,0,0,4,0
762,028260,2026,KOSPI,4,4,0,0,0,4,0
764,028300,2026,KOSDAQ,4,4,0,0,0,4,0
765,028670,2026,KOSPI,4,4,0,0,0,4,0
767,029480,2026,KOSDAQ,4,4,0,0,0,4,0
769,029780,2026,KOSPI,4,4,0,0,0,4,0
771,030190,2026,KOSPI,4,4,0,0,0,4,0
774,030350,2026,KOSDAQ,4,4,4,0,0,0,0
775,030520,2026,KOSDAQ,4,4,0,0,0,4,0
776,030530,2026,KOSDAQ,4,4,0,0,0,4,0
777,030610,2026,KOSPI,4,4,0,0,0,4,0
779,030960,2026,KOSDAQ,4,4,0,0,0,4,0
780,031210,2026,KOSPI,4,4,0,0,0,4,0
781,031310,2026,KOSDAQ,4,4,0,0,0,4,0
782,031330,2026,KOSDAQ,4,4,0,0,0,4,0
783,031430,2026,KOSPI,4,4,0,0,0,4,0
784,031510,2026,KOSDAQ,4,4,0,0,0,4,0
786,031860,2026,KOSDAQ,4,4,4,0,0,0,0
787,031980,2026,KOSDAQ,4,4,0,0,0,4,0
788,032080,2026,KOSDAQ,4,4,0,0,0,4,0
789,032190,2026,KOSDAQ,4,4,0,0,0,4,0
790,032280,2026,KOSDAQ,4,4,0,0,0,4,0
791,032300,2026,KOSDAQ,4,4,0,0,0,4,0
792,032350,2026,KOSPI,4,4,0,0,0,4,0
793,032500,2026,KOSDAQ,4,4,0,0,0,4,0
794,032540,2026,KOSDAQ,4,4,0,0,0,4,0
795,032560,2026,KOSPI,4,4,0,0,0,4,0
796,032580,2026,KOSDAQ,4,4,0,0,0,4,0
797,032620,2026,KOSDAQ,4,4,0,0,0,4,0
798,032640,2026,KOSPI,4,4,0,0,0,4,0
799,032680,2026,KOSDAQ,4,4,0,0,0,4,0
801,032750,2026,KOSDAQ,4,4,0,0,0,4,0
802,032790,2026,KOSDAQ,4,4,0,0,0,4,0
803,032800,2026,KOSDAQ,4,4,0,0,0,4,0
804,032820,2026,KOSDAQ,4,4,0,0,0,4,0
805,032830,2026,KOSPI,4,4,0,0,0,4,0
806,032850,2026,KOSDAQ,4,4,0,0,0,4,0
807,032860,2026,KOSDAQ,4,4,0,0,0,4,0
808,032940,2026,KOSDAQ,4,4,0,0,0,4,0
809,032960,2026,KOSDAQ,4,4,0,0,0,4,0
810,033050,2026,KOSDAQ,4,4,0,0,0,4,0
811,033100,2026,KOSDAQ,4,4,0,0,0,4,0
812,033130,2026,KOSDAQ,4,4,0,0,0,4,0
813,033160,2026,KOSDAQ,4,4,0,0,0,4,0
814,033170,2026,KOSDAQ,4,4,0,0,0,4,0
815,033200,2026,KOSDAQ,4,4,0,0,0,4,0
816,033230,2026,KOSDAQ,4,4,0,0,0,4,0
817,033240,2026,KOSPI,4,4,0,0,0,4,0
818,033250,2026,KOSPI,4,4,0,0,0,4,0
819,033270,2026,KOSPI,4,4,0,0,0,4,0
820,033290,2026,KOSDAQ,4,4,0,0,0,4,0
821,033310,2026,KOSDAQ,4,4,0,0,0,4,0
822,033320,2026,KOSDAQ,4,4,0,0,0,4,0
823,033340,2026,KOSDAQ,4,4,2,0,0,2,0
824,033500,2026,KOSDAQ,4,4,0,0,0,4,0
825,033530,2026,KOSPI,4,4,0,0,0,4,0
826,033540,2026,KOSDAQ,4,4,0,0,0,4,0
827,033560,2026,KOSDAQ,4,4,0,0,0,4,0
828,033640,2026,KOSDAQ,4,4,0,0,0,4,0
829,033780,2026,KOSPI,4,4,0,0,0,4,0
830,033790,2026,KOSDAQ,4,4,0,0,0,4,0
831,033830,2026,KOSDAQ,4,4,0,0,0,4,0
832,033920,2026,KOSPI,4,4,0,0,0,4,0
833,034020,2026,KOSPI,4,4,0,0,0,4,0
834,034120,2026,KOSPI,4,4,0,0,0,4,0
835,034220,2026,KOSPI,4,4,0,0,0,4,0
836,034230,2026,KOSPI,4,4,0,0,0,4,0
837,034310,2026,KOSPI,4,4,0,0,0,4,0
838,034590,2026,KOSPI,4,4,0,0,0,4,0
839,034730,2026,KOSPI,4,4,0,0,0,4,0
841,034810,2026,KOSDAQ,4,4,0,0,0,4,0
843,034830,2026,KOSPI,4,4,0,0,0,4,0
844,034940,2026,KOSDAQ,4,4,0,0,0,4,0
845,034950,2026,KOSDAQ,4,4,0,0,0,4,0
846,035000,2026,KOSPI,4,4,0,0,0,4,0
847,035080,2026,KOSDAQ,4,4,0,0,0,4,0
848,035150,2026,KOSPI,4,4,0,0,0,4,0
849,035200,2026,KOSDAQ,4,4,0,0,0,4,0
850,035250,2026,KOSPI,4,4,0,0,0,4,0
851,035290,2026,KOSDAQ,4,4,0,0,0,4,0
852,035420,2026,KOSPI,4,4,0,0,0,4,0
853,035460,2026,KOSDAQ,4,4,0,0,0,4,0
854,035510,2026,KOSPI,4,4,0,0,0,4,0
855,035600,2026,KOSDAQ,4,4,0,0,0,4,0
856,035610,2026,KOSDAQ,4,4,0,0,0,4,0
857,035620,2026,KOSDAQ,4,4,0,0,0,4,0
858,035720,2026,KOSPI,4,4,0,0,0,4,0
859,035760,2026,KOSDAQ,4,4,0,0,0,4,0
860,035810,2026,KOSDAQ,4,4,0,0,0,4,0
861,035890,2026,KOSDAQ,4,4,0,0,0,4,0
862,035900,2026,KOSDAQ,4,4,0,0,0,4,0
863,036000,2026,KOSDAQ,4,4,0,0,0,4,0
864,036010,2026,KOSDAQ,4,4,0,0,0,4,0
865,036030,2026,KOSDAQ,4,4,0,0,0,4,0
866,036090,2026,KOSDAQ,4,4,0,0,0,4,0
867,036120,2026,KOSDAQ,4,4,0,0,0,4,0
868,036170,2026,KOSDAQ,4,4,0,0,0,4,0
869,036190,2026,KOSDAQ,4,4,0,0,0,4,0
870,036200,2026,KOSDAQ,4,4,0,0,0,4,0
872,036420,2026,KOSPI,4,4,0,0,0,4,0
873,036460,2026,KOSPI,4,4,0,0,0,4,0
874,036480,2026,KOSDAQ,4,4,0,0,0,4,0
875,036530,2026,KOSPI,4,4,0,0,0,4,0
876,036540,2026,KOSDAQ,4,4,0,0,0,4,0
877,036560,2026,KOSDAQ,4,4,0,0,0,4,0
878,036570,2026,KOSPI,4,4,0,0,0,4,0
879,036580,2026,KOSPI,4,4,0,0,0,4,0
880,036620,2026,KOSDAQ,4,4,0,0,0,4,0
881,036630,2026,KOSDAQ,4,4,0,0,0,4,0
882,036640,2026,KOSDAQ,4,4,0,0,0,4,0
883,036670,2026,KOSDAQ,4,4,0,0,0,4,0
884,036690,2026,KOSDAQ,4,4,4,0,0,0,0
885,036710,2026,KOSDAQ,4,4,0,0,0,4,0
886,036800,2026,KOSDAQ,4,4,0,0,0,4,0
887,036810,2026,KOSDAQ,4,4,0,0,0,4,0
888,036830,2026,KOSDAQ,4,4,0,0,0,4,0
889,036890,2026,KOSDAQ,4,4,0,0,0,4,0
890,036930,2026,KOSDAQ,4,4,0,0,0,4,0
892,037070,2026,KOSDAQ,4,4,0,0,0,4,0
893,037230,2026,KOSDAQ,4,4,0,0,0,4,0
894,037270,2026,KOSPI,4,4,0,0,0,4,0
895,037330,2026,KOSDAQ,4,4,0,0,0,4,0
896,037350,2026,KOSDAQ,4,4,0,0,0,4,0
897,037370,2026,KOSDAQ,4,4,0,0,0,4,0
898,037400,2026,KOSDAQ,4,4,0,0,0,4,0
899,037440,2026,KOSDAQ,4,4,0,0,0,4,0
900,037460,2026,KOSDAQ,4,4,0,0,0,4,0
901,037560,2026,KOSPI,4,4,0,0,0,4,0
902,037710,2026,KOSPI,4,4,0,0,0,4,0
903,037760,2026,KOSDAQ,4,4,0,0,0,4,0
904,037950,2026,KOSDAQ,4,4,0,0,0,4,0
905,038010,2026,KOSDAQ,4,4,0,0,0,4,0
906,038060,2026,KOSDAQ,4,4,0,0,0,4,0
907,038070,2026,KOSDAQ,4,4,0,0,0,4,0
908,038110,2026,KOSDAQ,4,4,0,0,0,4,0
909,038290,2026,KOSDAQ,4,4,0,0,0,4,0
910,038390,2026,KOSDAQ,4,4,0,0,0,4,0
911,038460,2026,KOSDAQ,4,4,0,0,0,4,0
912,038500,2026,KOSDAQ,4,4,0,0,0,4,0
913,038530,2026,KOSDAQ,4,4,4,0,0,0,0
914,038540,2026,KOSDAQ,4,4,0,0,0,4,0
915,038620,2026,KOSDAQ,4,4,0,0,0,4,0
916,038680,2026,KOSDAQ,4,4,0,0,0,4,0
917,038870,2026,KOSDAQ,4,4,0,0,0,4,0
918,038880,2026,KOSDAQ,4,4,0,0,0,4,0
919,038950,2026,KOSDAQ,4,4,0,0,0,4,0
920,039010,2026,KOSDAQ,4,4,0,0,0,4,0
921,039020,2026,KOSDAQ,4,4,0,0,0,4,0
922,039030,2026,KOSDAQ,4,4,0,0,0,4,0
923,039130,2026,KOSPI,4,4,0,0,0,4,0
924,039200,2026,KOSDAQ,4,4,0,0,0,4,0
925,039240,2026,KOSDAQ,4,4,0,0,0,4,0
926,039290,2026,KOSDAQ,4,4,0,0,0,4,0
927,039310,2026,KOSDAQ,4,4,0,0,0,4,0
928,039340,2026,KOSDAQ,4,4,0,0,0,4,0
929,039420,2026,KOSDAQ,4,4,0,0,0,4,0
930,039440,2026,KOSDAQ,4,4,0,0,0,4,0
931,039490,2026,KOSPI,4,4,0,0,0,4,0
932,039560,2026,KOSDAQ,4,4,0,0,0,4,0
933,039570,2026,KOSPI,4,4,0,0,0,4,0
934,039610,2026,KOSDAQ,4,4,0,0,0,4,0
935,039740,2026,KOSDAQ,4,4,0,0,0,4,0
936,039830,2026,KOSDAQ,4,4,0,0,0,4,0
937,039840,2026,KOSDAQ,4,4,0,0,0,4,0
938,039860,2026,KOSDAQ,4,4,0,0,0,4,0
939,039980,2026,KOSDAQ,4,4,0,0,0,4,0
940,040160,2026,KOSDAQ,4,4,0,0,0,4,0
941,040300,2026,KOSDAQ,4,4,0,0,0,4,0
942,040350,2026,KOSDAQ,4,4,0,0,0,4,0
943,040420,2026,KOSDAQ,4,4,0,0,0,4,0
944,040610,2026,KOSDAQ,4,4,0,0,0,4,0
945,040910,2026,KOSDAQ,4,4,0,0,0,4,0
946,041020,2026,KOSDAQ,4,4,0,0,0,4,0
947,041190,2026,KOSDAQ,4,4,0,0,0,4,0
948,041440,2026,KOSDAQ,4,4,0,0,0,4,0
949,041460,2026,KOSDAQ,4,4,0,0,0,4,0
950,041510,2026,KOSDAQ,4,4,0,0,0,4,0
951,041520,2026,KOSDAQ,4,4,0,0,0,4,0
952,041590,2026,KOSDAQ,4,4,4,0,0,0,0
953,041650,2026,KOSPI,4,4,0,0,0,4,0
954,041830,2026,KOSDAQ,4,4,0,0,0,4,0
955,041910,2026,KOSDAQ,4,4,0,0,0,4,0
956,041920,2026,KOSDAQ,4,4,0,0,0,4,0
957,041930,2026,KOSDAQ,4,4,0,0,0,4,0
958,041960,2026,KOSDAQ,4,4,0,0,0,4,0
959,042000,2026,KOSDAQ,4,4,0,0,0,4,0
960,042040,2026,KOSDAQ,4,4,0,0,0,4,0
961,042110,2026,KOSDAQ,4,4,0,0,0,4,0
962,042370,2026,KOSDAQ,4,4,0,0,0,4,0
963,042420,2026,KOSDAQ,4,4,0,0,0,4,0
964,042500,2026,KOSDAQ,4,4,0,0,0,4,0
965,042510,2026,KOSDAQ,4,4,0,0,0,4,0
966,042520,2026,KOSDAQ,4,4,0,0,0,4,0
967,042600,2026,KOSDAQ,4,4,0,0,0,4,0
968,042660,2026,KOSPI,4,4,0,0,0,4,0
969,042700,2026,KOSPI,4,4,0,0,0,4,0
970,042940,2026,KOSDAQ,4,4,0,0,0,4,0
971,043100,2026,KOSDAQ,4,4,4,0,0,0,0
972,043150,2026,KOSDAQ,4,4,0,0,0,4,0
973,043200,2026,KOSDAQ,4,4,0,0,0,4,0
974,043220,2026,KOSDAQ,4,4,4,0,0,0,0
975,043260,2026,KOSDAQ,4,4,0,0,0,4,0
976,043340,2026,KOSDAQ,4,4,0,0,0,4,0
977,043360,2026,KOSDAQ,4,4,0,0,0,4,0
978,043370,2026,KOSDAQ,4,4,0,0,0,4,0
979,043590,2026,KOSDAQ,4,4,0,0,0,4,0
980,043610,2026,KOSDAQ,4,4,0,0,0,4,0
981,043650,2026,KOSDAQ,4,4,0,0,0,4,0
982,043710,2026,KOSDAQ,4,4,0,0,0,4,0
983,043910,2026,KOSDAQ,4,4,0,0,0,4,0
984,044180,2026,KOSDAQ,4,4,4,0,0,0,0
985,044340,2026,KOSDAQ,4,4,0,0,0,4,0
986,044380,2026,KOSPI,4,4,0,0,0,4,0
987,044450,2026,KOSPI,4,4,0,0,0,4,0
988,044480,2026,KOSDAQ,4,4,0,0,0,4,0
989,044490,2026,KOSDAQ,4,4,0,0,0,4,0
990,044780,2026,KOSDAQ,4,4,0,0,0,4,0
991,044820,2026,KOSPI,4,4,0,0,0,4,0
992,044960,2026,KOSDAQ,4,4,0,0,0,4,0
993,044990,2026,KOSDAQ,4,4,0,0,0,4,0
994,045060,2026,KOSDAQ,4,4,0,0,0,4,0
995,045100,2026,KOSDAQ,4,4,0,0,0,4,0
996,045300,2026,KOSDAQ,4,4,0,0,0,4,0
997,045340,2026,KOSDAQ,4,4,0,0,0,4,0
998,045390,2026,KOSDAQ,4,4,0,0,0,4,0
999,045510,2026,KOSDAQ,4,4,0,0,0,4,0
1000,045520,2026,KOSDAQ,4,4,0,0,0,4,0
1001,045660,2026,KOSDAQ,4,4,0,0,0,4,0
1002,045970,2026,KOSDAQ,4,4,0,0,0,4,0
1003,046070,2026,KOSDAQ,4,4,4,0,0,0,0
1004,046120,2026,KOSDAQ,4,4,0,0,0,4,0
1005,046210,2026,KOSDAQ,4,4,0,0,0,4,0
1006,046310,2026,KOSDAQ,4,4,0,0,0,4,0
1007,046390,2026,KOSDAQ,4,4,0,0,0,4,0
1008,046440,2026,KOSDAQ,4,4,0,0,0,4,0
1009,046890,2026,KOSDAQ,4,4,0,0,0,4,0
1010,046940,2026,KOSDAQ,4,4,0,0,0,4,0
1011,046970,2026,KOSDAQ,4,4,0,0,0,4,0
1012,047040,2026,KOSPI,4,4,0,0,0,4,0
1013,047050,2026,KOSPI,4,4,0,0,0,4,0
1014,047080,2026,KOSDAQ,4,4,0,0,0,4,0
1015,047310,2026,KOSDAQ,4,4,0,0,0,4,0
1016,047400,2026,KOSPI,4,4,0,0,0,4,0
1017,047560,2026,KOSDAQ,4,4,0,0,0,4,0
1018,047770,2026,KOSDAQ,4,4,0,0,0,4,0
1019,047810,2026,KOSPI,4,4,0,0,0,4,0
1020,047820,2026,KOSDAQ,4,4,0,0,0,4,0
1021,047920,2026,KOSDAQ,4,4,0,0,0,4,0
1022,048410,2026,KOSDAQ,4,4,0,0,0,4,0
1023,048430,2026,KOSDAQ,4,4,0,0,0,4,0
1024,048470,2026,KOSDAQ,4,4,0,0,0,4,0
1025,048530,2026,KOSDAQ,4,4,0,0,0,4,0
1026,048550,2026,KOSDAQ,4,4,0,0,0,4,0
1027,048770,2026,KOSDAQ,4,4,0,0,0,4,0
1028,048830,2026,KOSDAQ,4,4,0,0,0,4,0
1029,048870,2026,KOSDAQ,4,4,0,0,0,4,0
1030,048910,2026,KOSDAQ,4,4,0,0,0,4,0
1031,049070,2026,KOSDAQ,4,4,0,0,0,4,0
1032,049080,2026,KOSDAQ,4,4,0,0,0,4,0
1033,049120,2026,KOSDAQ,4,4,0,0,0,4,0
1034,049180,2026,KOSDAQ,4,4,4,0,0,0,0
1035,049430,2026,KOSDAQ,4,4,0,0,0,4,0
1036,049470,2026,KOSDAQ,4,4,0,0,0,4,0
1037,049480,2026,KOSDAQ,4,4,0,0,0,4,0
1038,049520,2026,KOSDAQ,4,4,0,0,0,4,0
1039,049550,2026,KOSDAQ,4,4,0,0,0,4,0
1040,049630,2026,KOSDAQ,4,4,0,0,0,4,0
1041,049720,2026,KOSDAQ,4,4,0,0,0,4,0
1042,049800,2026,KOSPI,4,4,0,0,0,4,0
1043,049830,2026,KOSDAQ,4,4,0,0,0,4,0
1044,049950,2026,KOSDAQ,4,4,0,0,0,4,0
1045,049960,2026,KOSDAQ,4,4,0,0,0,4,0
1046,050090,2026,KOSDAQ,4,4,0,0,0,4,0
1047,050110,2026,KOSDAQ,4,4,0,0,0,4,0
1048,050120,2026,KOSDAQ,4,4,0,0,0,4,0
1049,050760,2026,KOSDAQ,4,4,0,0,0,4,0
1050,050860,2026,KOSDAQ,4,4,0,0,0,4,0
1051,050890,2026,KOSDAQ,4,4,0,0,0,4,0
1052,050960,2026,KOSDAQ,4,4,0,0,0,4,0
1053,051160,2026,KOSDAQ,4,4,0,0,0,4,0
1054,051360,2026,KOSDAQ,4,4,0,0,0,4,0
1055,051370,2026,KOSDAQ,4,4,0,0,0,4,0
1056,051380,2026,KOSDAQ,4,4,0,0,0,4,0
1057,051390,2026,KOSDAQ,4,4,0,0,0,4,0
1058,051490,2026,KOSDAQ,4,4,0,0,0,4,0
1059,051500,2026,KOSDAQ,4,4,0,0,0,4,0
1060,051600,2026,KOSPI,4,4,0,0,0,4,0
1061,051630,2026,KOSPI,4,4,0,0,0,4,0
1062,051780,2026,KOSDAQ,4,4,0,0,0,4,0
1063,051900,2026,KOSPI,4,4,0,0,0,4,0
1065,051910,2026,KOSPI,4,4,0,0,0,4,0
1067,051980,2026,KOSDAQ,4,4,0,0,0,4,0
1068,052020,2026,KOSDAQ,4,4,0,0,0,4,0
1069,052220,2026,KOSDAQ,4,4,0,0,0,4,0
1070,052260,2026,KOSDAQ,4,4,0,0,0,4,0
1071,052300,2026,KOSDAQ,4,4,0,0,0,4,0
1072,052330,2026,KOSDAQ,4,4,0,0,0,4,0
1073,052400,2026,KOSDAQ,4,4,0,0,0,4,0
1074,052420,2026,KOSDAQ,4,4,0,0,0,4,0
1075,052460,2026,KOSDAQ,4,4,0,0,0,4,0
1076,052600,2026,KOSDAQ,4,4,0,0,0,4,0
1077,052690,2026,KOSPI,4,4,0,0,0,4,0
1078,052710,2026,KOSDAQ,4,4,0,0,0,4,0
1079,052770,2026,KOSDAQ,4,4,4,0,0,0,0
1080,052790,2026,KOSDAQ,4,4,0,0,0,4,0
1081,052860,2026,KOSDAQ,4,4,0,0,0,4,0
1082,052900,2026,KOSDAQ,4,4,0,0,0,4,0
1083,053030,2026,KOSDAQ,4,4,0,0,0,4,0
1084,053050,2026,KOSDAQ,4,4,0,0,0,4,0
1085,053060,2026,KOSDAQ,4,4,0,0,0,4,0
1086,053080,2026,KOSDAQ,4,4,0,0,0,4,0
1087,053160,2026,KOSDAQ,4,4,0,0,0,4,0
1088,053210,2026,KOSPI,4,4,0,0,0,4,0
1089,053260,2026,KOSDAQ,4,4,0,0,0,4,0
1090,053270,2026,KOSDAQ,4,4,0,0,0,4,0
1091,053280,2026,KOSDAQ,4,4,0,0,0,4,0
1092,053290,2026,KOSDAQ,4,4,0,0,0,4,0
1093,053300,2026,KOSDAQ,4,4,0,0,0,4,0
1094,053350,2026,KOSDAQ,4,4,0,0,0,4,0
1095,053450,2026,KOSDAQ,4,4,0,0,0,4,0
1096,053580,2026,KOSDAQ,4,4,0,0,0,4,0
1097,053610,2026,KOSDAQ,4,4,0,0,0,4,0
1098,053620,2026,KOSDAQ,4,4,0,0,0,4,0
1099,053690,2026,KOSPI,4,4,0,0,0,4,0
1100,053700,2026,KOSDAQ,4,4,0,0,0,4,0
1101,053800,2026,KOSDAQ,4,4,0,0,0,4,0
1102,053950,2026,KOSDAQ,4,4,0,0,0,4,0
1103,053980,2026,KOSDAQ,4,4,0,0,0,4,0
1104,054040,2026,KOSDAQ,4,4,0,0,0,4,0
1105,054050,2026,KOSDAQ,4,4,0,0,0,4,0
1106,054090,2026,KOSDAQ,4,4,0,0,0,4,0
1107,054180,2026,KOSDAQ,4,4,4,0,0,0,0
1108,054210,2026,KOSDAQ,4,4,0,0,0,4,0
1109,054220,2026,KOSDAQ,4,4,0,0,0,4,0
1110,054300,2026,KOSDAQ,4,4,0,0,0,4,0
1111,054410,2026,KOSDAQ,4,4,0,0,0,4,0
1112,054450,2026,KOSDAQ,4,4,0,0,0,4,0
1113,054540,2026,KOSDAQ,4,4,0,0,0,4,0
1114,054620,2026,KOSDAQ,4,4,0,0,0,4,0
1115,054670,2026,KOSDAQ,4,4,0,0,0,4,0
1116,054780,2026,KOSDAQ,4,4,0,0,0,4,0
1117,054800,2026,KOSDAQ,4,4,0,0,0,4,0
1118,054920,2026,KOSDAQ,4,4,0,0,0,4,0
1119,054930,2026,KOSDAQ,4,4,0,0,0,4,0
1120,054940,2026,KOSDAQ,4,4,0,0,0,4,0
1121,054950,2026,KOSDAQ,4,4,0,0,0,4,0
1122,055490,2026,KOSPI,4,4,0,0,0,4,0
1123,055550,2026,KOSPI,4,4,0,0,0,4,0
1124,056080,2026,KOSDAQ,4,4,0,0,0,4,0
1125,056090,2026,KOSDAQ,4,4,0,0,0,4,0
1126,056190,2026,KOSDAQ,4,4,0,0,0,4,0
1127,056360,2026,KOSDAQ,4,4,0,0,0,4,0
1128,056700,2026,KOSDAQ,4,4,0,0,0,4,0
1129,056730,2026,KOSDAQ,4,4,0,0,0,4,0
1130,057030,2026,KOSDAQ,4,4,0,0,0,4,0
1131,057540,2026,KOSDAQ,4,4,0,0,0,4,0
1132,057680,2026,KOSDAQ,4,4,0,0,0,4,0
1133,058110,2026,KOSDAQ,4,4,0,0,0,4,0
1134,058400,2026,KOSDAQ,4,4,0,0,0,4,0
1135,058430,2026,KOSPI,4,4,0,0,0,4,0
1136,058450,2026,KOSDAQ,4,4,0,0,0,4,0
1137,058470,2026,KOSDAQ,4,4,0,0,0,4,0
1138,058610,2026,KOSDAQ,4,4,0,0,0,4,0
1139,058630,2026,KOSDAQ,4,4,0,0,0,4,0
1140,058650,2026,KOSPI,4,4,0,0,0,4,0
1141,058730,2026,KOSPI,4,4,0,0,0,4,0
1142,058820,2026,KOSDAQ,4,4,0,0,0,4,0
1143,058850,2026,KOSPI,4,4,0,0,0,4,0
1144,058860,2026,KOSPI,4,4,0,0,0,4,0
1145,058970,2026,KOSDAQ,4,4,0,0,0,4,0
1146,059090,2026,KOSDAQ,4,4,0,0,0,4,0
1147,059100,2026,KOSDAQ,4,4,0,0,0,4,0
1148,059120,2026,KOSDAQ,4,4,0,0,0,4,0
1149,059210,2026,KOSDAQ,4,4,0,0,0,4,0
1150,059270,2026,KOSDAQ,4,4,0,0,0,4,0
1151,060150,2026,KOSDAQ,4,4,0,0,0,4,0
1152,060230,2026,KOSDAQ,4,4,0,0,0,4,0
1153,060250,2026,KOSDAQ,4,4,0,0,0,4,0
1154,060260,2026,KOSDAQ,4,4,0,0,0,4,0
1155,060280,2026,KOSDAQ,4,4,0,0,0,4,0
1156,060310,2026,KOSDAQ,4,4,0,0,0,4,0
1157,060370,2026,KOSDAQ,4,4,0,0,0,4,0
1158,060380,2026,KOSDAQ,4,4,0,0,0,4,0
1159,060480,2026,KOSDAQ,4,4,0,0,0,4,0
1160,060540,2026,KOSDAQ,4,4,0,0,0,4,0
1161,060560,2026,KOSDAQ,4,4,0,0,0,4,0
1162,060570,2026,KOSDAQ,4,4,0,0,0,4,0
1163,060590,2026,KOSDAQ,4,4,0,0,0,4,0
1164,060720,2026,KOSDAQ,4,4,0,0,0,4,0
1165,060850,2026,KOSDAQ,4,4,0,0,0,4,0
1166,060900,2026,KOSDAQ,4,4,0,0,0,4,0
1167,060980,2026,KOSPI,4,4,0,0,0,4,0
1168,061040,2026,KOSDAQ,4,4,0,0,0,4,0
1169,061090,2026,KOSDAQ,4,4,0,0,0,4,0
1170,061250,2026,KOSDAQ,4,4,0,0,0,4,0
1171,061970,2026,KOSDAQ,4,4,0,0,0,4,0
1172,062040,2026,KOSPI,4,4,0,0,0,4,0
1173,062970,2026,KOSDAQ,4,4,4,0,0,0,0
1174,063080,2026,KOSDAQ,4,4,0,0,0,4,0
1175,063160,2026,KOSPI,4,4,0,0,0,4,0
1176,063170,2026,KOSDAQ,4,4,0,0,0,4,0
1177,063440,2026,KOSDAQ,4,4,0,0,0,4,0
1178,063570,2026,KOSDAQ,4,4,0,0,0,4,0
1179,063760,2026,KOSDAQ,4,4,0,0,0,4,0
1180,064090,2026,KOSDAQ,4,4,4,0,0,0,0
1181,064240,2026,KOSDAQ,4,4,0,0,0,4,0
1182,064260,2026,KOSDAQ,4,4,0,0,0,4,0
1183,064290,2026,KOSDAQ,4,4,0,0,0,4,0
1184,064350,2026,KOSPI,4,4,0,0,0,4,0
1185,064400,2026,KOSPI,4,4,0,0,0,4,0
1186,064480,2026,KOSDAQ,4,4,0,0,0,4,0
1187,064520,2026,KOSDAQ,4,4,0,0,0,4,0
1188,064550,2026,KOSDAQ,4,4,0,0,0,4,0
1189,064760,2026,KOSDAQ,4,4,0,0,0,4,0
1190,064800,2026,KOSDAQ,4,4,0,0,0,4,0
1191,064820,2026,KOSDAQ,4,4,0,0,0,4,0
1192,064850,2026,KOSDAQ,4,4,0,0,0,4,0
1193,064960,2026,KOSPI,4,4,0,0,0,4,0
1194,065060,2026,KOSDAQ,4,4,0,0,0,4,0
1195,065130,2026,KOSDAQ,4,4,0,0,0,4,0
1196,065150,2026,KOSDAQ,4,4,0,0,0,4,0
1197,065170,2026,KOSDAQ,4,4,0,0,0,4,0
1198,065350,2026,KOSDAQ,4,4,0,0,0,4,0
1199,065370,2026,KOSDAQ,4,4,0,0,0,4,0
1200,065420,2026,KOSDAQ,4,4,4,0,0,0,0
1201,065440,2026,KOSDAQ,4,4,0,0,0,4,0
1202,065450,2026,KOSDAQ,4,4,0,0,0,4,0
1203,065500,2026,KOSDAQ,4,4,0,0,0,4,0
1204,065510,2026,KOSDAQ,4,4,0,0,0,4,0
1205,065530,2026,KOSDAQ,4,4,0,0,0,4,0
1206,065570,2026,KOSDAQ,4,4,4,0,0,0,0
1207,065650,2026,KOSDAQ,4,4,0,0,0,4,0
1208,065660,2026,KOSDAQ,4,4,0,0,0,4,0
1209,065680,2026,KOSDAQ,4,4,0,0,0,4,0
1210,065690,2026,KOSDAQ,4,4,0,0,0,4,0
1211,065710,2026,KOSDAQ,4,4,0,0,0,4,0
1212,065770,2026,KOSDAQ,4,4,0,0,0,4,0
1213,065950,2026,KOSDAQ,4,4,0,0,0,4,0
1214,066130,2026,KOSDAQ,4,4,0,0,0,4,0
1215,066310,2026,KOSDAQ,4,4,0,0,0,4,0
1216,066360,2026,KOSDAQ,4,4,0,0,0,4,0
1217,066410,2026,KOSDAQ,4,4,4,0,0,0,0
1218,066430,2026,KOSDAQ,4,4,0,0,0,4,0
1219,066570,2026,KOSPI,4,4,0,0,0,4,0
1221,066590,2026,KOSDAQ,4,4,0,0,0,4,0
1222,066620,2026,KOSDAQ,4,4,0,0,0,4,0
1223,066670,2026,KOSDAQ,4,4,0,0,0,4,0
1224,066700,2026,KOSDAQ,4,4,0,0,0,4,0
1225,066790,2026,KOSDAQ,4,4,4,0,0,0,0
1226,066900,2026,KOSDAQ,4,4,0,0,0,4,0
1227,066910,2026,KOSDAQ,4,4,0,0,0,4,0
1228,066970,2026,KOSPI,4,4,0,0,0,4,0
1229,066980,2026,KOSDAQ,4,4,0,0,0,4,0
1230,067000,2026,KOSDAQ,4,4,0,0,0,4,0
1231,067010,2026,KOSDAQ,4,4,0,0,0,4,0
1232,067080,2026,KOSDAQ,4,4,0,0,0,4,0
1233,067160,2026,KOSDAQ,4,4,0,0,0,4,0
1234,067170,2026,KOSDAQ,4,4,0,0,0,4,0
1235,067280,2026,KOSDAQ,4,4,0,0,0,4,0
1236,067290,2026,KOSDAQ,4,4,0,0,0,4,0
1237,067310,2026,KOSDAQ,4,4,0,0,0,4,0
1238,067370,2026,KOSDAQ,4,4,0,0,0,4,0
1239,067390,2026,KOSDAQ,4,4,0,0,0,4,0
1240,067570,2026,KOSDAQ,4,4,0,0,0,4,0
1241,067630,2026,KOSDAQ,4,4,0,0,0,4,0
1242,067730,2026,KOSDAQ,4,4,0,0,0,4,0
1243,067770,2026,KOSDAQ,4,4,0,0,0,4,0
1244,067830,2026,KOSPI,4,4,0,0,0,4,0
1245,067900,2026,KOSDAQ,4,4,0,0,0,4,0
1246,067920,2026,KOSDAQ,4,4,0,0,0,4,0
1247,067990,2026,KOSDAQ,4,4,0,0,0,4,0
1248,068050,2026,KOSDAQ,4,4,0,0,0,4,0
1249,068100,2026,KOSDAQ,4,4,0,0,0,4,0
1250,068240,2026,KOSDAQ,4,4,4,0,0,0,0
1251,068270,2026,KOSPI,4,4,0,0,0,4,0
1252,068290,2026,KOSPI,4,4,0,0,0,4,0
1253,068330,2026,KOSDAQ,4,4,0,0,0,4,0
1254,068760,2026,KOSDAQ,4,4,0,0,0,4,0
1255,068790,2026,KOSDAQ,4,4,0,0,0,4,0
1256,068930,2026,KOSDAQ,4,4,0,0,0,4,0
1257,068940,2026,KOSDAQ,4,4,4,0,0,0,0
1258,069080,2026,KOSDAQ,4,4,0,0,0,4,0
1259,069140,2026,KOSDAQ,4,4,0,0,0,4,0
1260,069260,2026,KOSPI,4,4,0,0,0,4,0
1261,069330,2026,KOSDAQ,4,4,0,0,0,4,0
1262,069410,2026,KOSDAQ,4,4,0,0,0,4,0
1263,069460,2026,KOSPI,4,4,4,0,0,0,0
1264,069510,2026,KOSDAQ,4,4,0,0,0,4,0
1265,069540,2026,KOSDAQ,4,4,0,0,0,4,0
1266,069620,2026,KOSPI,4,4,0,0,0,4,0
1267,069640,2026,KOSPI,4,4,0,0,0,4,0
1268,069730,2026,KOSPI,4,4,0,0,0,4,0
1269,069920,2026,KOSDAQ,4,4,0,0,0,4,0
1270,069960,2026,KOSPI,4,4,0,0,0,4,0
1271,070300,2026,KOSDAQ,4,4,0,0,0,4,0
1272,070590,2026,KOSDAQ,4,4,0,0,0,4,0
1273,070960,2026,KOSPI,4,4,0,0,0,4,0
1274,071050,2026,KOSPI,4,4,0,0,0,4,0
1276,071090,2026,KOSPI,4,4,0,0,0,4,0
1277,071200,2026,KOSDAQ,4,4,0,0,0,4,0
1278,071280,2026,KOSDAQ,4,4,0,0,0,4,0
1279,071320,2026,KOSPI,4,4,0,0,0,4,0
1280,071670,2026,KOSDAQ,4,4,0,0,0,4,0
1281,071840,2026,KOSPI,4,4,0,0,0,4,0
1282,071850,2026,KOSDAQ,4,4,0,0,0,4,0
1283,071950,2026,KOSPI,4,4,0,0,0,4,0
1284,071970,2026,KOSPI,4,4,0,0,0,4,0
1285,072020,2026,KOSDAQ,4,4,0,0,0,4,0
1286,072130,2026,KOSPI,4,4,0,0,0,4,0
1287,072470,2026,KOSDAQ,4,4,0,0,0,4,0
1288,072710,2026,KOSPI,4,4,0,0,0,4,0
1289,072770,2026,KOSDAQ,4,4,0,0,0,4,0
1290,072870,2026,KOSDAQ,4,4,0,0,0,4,0
1291,072950,2026,KOSDAQ,4,4,0,0,0,4,0
1292,072990,2026,KOSDAQ,4,4,0,0,0,4,0
1293,073010,2026,KOSDAQ,4,4,0,0,0,4,0
1294,073110,2026,KOSDAQ,4,4,0,0,0,4,0
1295,073190,2026,KOSDAQ,4,4,4,0,0,0,0
1296,073240,2026,KOSPI,4,4,0,0,0,4,0
1297,073490,2026,KOSDAQ,4,4,0,0,0,4,0
1298,073540,2026,KOSDAQ,4,4,0,0,0,4,0
1299,073560,2026,KOSDAQ,4,4,0,0,0,4,0
1300,073570,2026,KOSDAQ,4,4,0,0,0,4,0
1301,073640,2026,KOSDAQ,4,4,4,0,0,0,0
1302,074430,2026,KOSDAQ,4,4,0,0,0,4,0
1303,074600,2026,KOSDAQ,4,4,0,0,0,4,0
1304,074610,2026,KOSPI,4,4,4,0,0,0,0
1305,075130,2026,KOSDAQ,4,4,0,0,0,4,0
1306,075180,2026,KOSPI,4,4,0,0,0,4,0
1307,075580,2026,KOSPI,4,4,0,0,0,4,0
1308,075970,2026,KOSDAQ,4,4,0,0,0,4,0
1309,076080,2026,KOSDAQ,4,4,0,0,0,4,0
1310,076610,2026,KOSDAQ,4,4,0,0,0,4,0
1311,077360,2026,KOSDAQ,4,4,0,0,0,4,0
1312,077500,2026,KOSPI,4,4,0,0,0,4,0
1313,077970,2026,KOSPI,4,4,0,0,0,4,0
1314,078000,2026,KOSPI,4,4,0,0,0,4,0
1315,078020,2026,KOSDAQ,4,4,0,0,0,4,0
1316,078070,2026,KOSDAQ,4,4,0,0,0,4,0
1317,078130,2026,KOSDAQ,4,4,0,0,0,4,0
1318,078140,2026,KOSDAQ,4,4,0,0,0,4,0
1319,078150,2026,KOSDAQ,4,4,0,0,0,4,0
1320,078160,2026,KOSDAQ,4,4,0,0,0,4,0
1321,078340,2026,KOSDAQ,4,4,0,0,0,4,0
1322,078350,2026,KOSDAQ,4,4,0,0,0,4,0
1323,078520,2026,KOSPI,4,4,0,0,0,4,0
1324,078590,2026,KOSDAQ,4,4,0,0,0,4,0
1325,078600,2026,KOSDAQ,4,4,0,0,0,4,0
1326,078860,2026,KOSDAQ,4,4,0,0,0,4,0
1327,078890,2026,KOSDAQ,4,4,0,0,0,4,0
1328,078930,2026,KOSPI,4,4,0,0,0,4,0
1330,079000,2026,KOSDAQ,4,4,0,0,0,4,0
1331,079160,2026,KOSPI,4,4,0,0,0,4,0
1332,079170,2026,KOSDAQ,4,4,0,0,0,4,0
1333,079190,2026,KOSDAQ,4,4,0,0,0,4,0
1334,079370,2026,KOSDAQ,4,4,0,0,0,4,0
1335,079430,2026,KOSPI,4,4,0,0,0,4,0
1336,079550,2026,KOSPI,4,4,0,0,0,4,0
1337,079650,2026,KOSDAQ,4,4,0,0,0,4,0
1338,079810,2026,KOSDAQ,4,4,0,0,0,4,0
1339,079900,2026,KOSPI,4,4,0,0,0,4,0
1340,079940,2026,KOSDAQ,4,4,0,0,0,4,0
1341,079950,2026,KOSDAQ,4,4,0,0,0,4,0
1342,079960,2026,KOSDAQ,4,4,0,0,0,4,0
1343,079970,2026,KOSDAQ,4,4,4,0,0,0,0
1344,079980,2026,KOSPI,4,4,0,0,0,4,0
1345,080010,2026,KOSDAQ,4,4,0,0,0,4,0
1346,080160,2026,KOSDAQ,4,4,0,0,0,4,0
1347,080220,2026,KOSDAQ,4,4,0,0,0,4,0
1348,080420,2026,KOSDAQ,4,4,0,0,0,4,0
1349,080470,2026,KOSDAQ,4,4,0,0,0,4,0
1350,080520,2026,KOSDAQ,4,4,0,0,0,4,0
1351,080530,2026,KOSDAQ,4,4,0,0,0,4,0
1352,080580,2026,KOSDAQ,4,4,0,0,0,4,0
1353,080720,2026,KOSDAQ,4,4,4,0,0,0,0
1354,081000,2026,KOSPI,4,4,0,0,0,4,0
1355,081150,2026,KOSDAQ,4,4,0,0,0,4,0
1356,081180,2026,KOSDAQ,4,4,0,0,0,4,0
1357,081580,2026,KOSDAQ,4,4,0,0,0,4,0
1358,081660,2026,KOSPI,4,4,0,0,0,4,0
1359,082210,2026,KOSDAQ,4,4,0,0,0,4,0
1360,082270,2026,KOSDAQ,4,4,0,0,0,4,0
1362,082660,2026,KOSDAQ,4,4,4,0,0,0,0
1363,082740,2026,KOSPI,4,4,0,0,0,4,0
1364,082800,2026,KOSDAQ,4,4,0,0,0,4,0
1365,082850,2026,KOSDAQ,4,4,0,0,0,4,0
1366,082920,2026,KOSDAQ,4,4,0,0,0,4,0
1367,083310,2026,KOSDAQ,4,4,0,0,0,4,0
1368,083420,2026,KOSPI,4,4,0,0,0,4,0
1369,083450,2026,KOSDAQ,4,4,0,0,0,4,0
1370,083470,2026,KOSDAQ,4,4,0,0,0,4,0
1371,083500,2026,KOSDAQ,4,4,0,0,0,4,0
1372,083550,2026,KOSDAQ,4,4,0,0,0,4,0
1373,083640,2026,KOSDAQ,4,4,0,0,0,4,0
1374,083650,2026,KOSDAQ,4,4,0,0,0,4,0
1375,083660,2026,KOSDAQ,4,4,0,0,0,4,0
1376,083790,2026,KOSDAQ,4,4,0,0,0,4,0
1377,083930,2026,KOSDAQ,4,4,0,0,0,4,0
1378,084010,2026,KOSPI,4,4,0,0,0,4,0
1379,084110,2026,KOSDAQ,4,4,0,0,0,4,0
1380,084180,2026,KOSDAQ,4,4,0,0,0,4,0
1381,084370,2026,KOSDAQ,4,4,0,0,0,4,0
1382,084440,2026,KOSDAQ,4,4,4,0,0,0,0
1383,084650,2026,KOSDAQ,4,4,4,0,0,0,0
1384,084670,2026,KOSPI,4,4,0,0,0,4,0
1385,084680,2026,KOSPI,4,4,4,0,0,0,0
1386,084690,2026,KOSPI,4,4,0,0,0,4,0
1388,084730,2026,KOSDAQ,4,4,0,0,0,4,0
1389,084850,2026,KOSDAQ,4,4,0,0,0,4,0
1390,084870,2026,KOSPI,4,4,0,0,0,4,0
1391,084990,2026,KOSDAQ,4,4,0,0,0,4,0
1392,085310,2026,KOSPI,4,4,0,0,0,4,0
1393,085620,2026,KOSPI,4,4,0,0,0,4,0
1394,085660,2026,KOSDAQ,4,4,0,0,0,4,0
1395,085670,2026,KOSDAQ,4,4,0,0,0,4,0
1396,085810,2026,KOSDAQ,4,4,0,0,0,4,0
1397,085910,2026,KOSDAQ,4,4,0,0,0,4,0
1398,086040,2026,KOSDAQ,4,4,0,0,0,4,0
1399,086060,2026,KOSDAQ,4,4,0,0,0,4,0
1400,086280,2026,KOSPI,4,4,0,0,0,4,0
1401,086390,2026,KOSDAQ,4,4,0,0,0,4,0
1402,086450,2026,KOSDAQ,4,4,0,0,0,4,0
1403,086520,2026,KOSDAQ,4,4,0,0,0,4,0
1404,086670,2026,KOSDAQ,4,4,0,0,0,4,0
1405,086710,2026,KOSDAQ,4,4,0,0,0,4,0
1406,086790,2026,KOSPI,4,4,0,0,0,4,0
1407,086820,2026,KOSDAQ,4,4,0,0,0,4,0
1408,086890,2026,KOSDAQ,4,4,0,0,0,4,0
1409,086900,2026,KOSDAQ,4,4,0,0,0,4,0
1410,086960,2026,KOSDAQ,4,4,0,0,0,4,0
1411,086980,2026,KOSDAQ,4,4,0,0,0,4,0
1412,087010,2026,KOSDAQ,4,4,0,0,0,4,0
1413,087260,2026,KOSDAQ,4,4,4,0,0,0,0
1414,087600,2026,KOSDAQ,4,4,0,0,0,4,0
1415,088130,2026,KOSDAQ,4,4,0,0,0,4,0
1417,088280,2026,KOSDAQ,4,4,0,0,0,4,0
1418,088290,2026,KOSDAQ,4,4,0,0,0,4,0
1419,088340,2026,KOSDAQ,4,4,0,0,0,4,0
1420,088350,2026,KOSPI,4,4,0,0,0,4,0
1421,088390,2026,KOSDAQ,4,4,0,0,0,4,0
1422,088790,2026,KOSPI,4,4,0,0,0,4,0
1423,088800,2026,KOSDAQ,4,4,0,0,0,4,0
1424,088910,2026,KOSDAQ,4,4,0,0,0,4,0
1426,089010,2026,KOSDAQ,4,4,0,0,0,4,0
1427,089030,2026,KOSDAQ,4,4,0,0,0,4,0
1428,089140,2026,KOSDAQ,4,4,0,0,0,4,0
1429,089150,2026,KOSDAQ,4,4,0,0,0,4,0
1430,089230,2026,KOSDAQ,4,4,0,0,0,4,0
1431,089470,2026,KOSPI,4,4,0,0,0,4,0
1432,089590,2026,KOSPI,4,4,0,0,0,4,0
1433,089600,2026,KOSDAQ,4,4,0,0,0,4,0
1434,089790,2026,KOSDAQ,4,4,0,0,0,4,0
1435,089850,2026,KOSDAQ,4,4,0,0,0,4,0
1436,089860,2026,KOSPI,4,4,0,0,0,4,0
1437,089890,2026,KOSDAQ,4,4,0,0,0,4,0
1438,089970,2026,KOSDAQ,4,4,0,0,0,4,0
1439,089980,2026,KOSDAQ,4,4,0,0,0,4,0
1440,090080,2026,KOSPI,4,4,0,0,0,4,0
1441,090150,2026,KOSDAQ,4,4,0,0,0,4,0
1442,090350,2026,KOSPI,4,4,0,0,0,4,0
1444,090360,2026,KOSDAQ,4,4,0,0,0,4,0
1445,090370,2026,KOSPI,4,4,0,0,0,4,0
1446,090410,2026,KOSDAQ,4,4,0,0,0,4,0
1447,090430,2026,KOSPI,4,4,0,0,0,4,0
1449,090460,2026,KOSPI,4,4,0,0,0,4,0
1450,090470,2026,KOSDAQ,4,4,0,0,0,4,0
1451,090710,2026,KOSDAQ,4,4,0,0,0,4,0
1452,090850,2026,KOSDAQ,4,4,0,0,0,4,0
1453,091120,2026,KOSDAQ,4,4,0,0,0,4,0
1454,091340,2026,KOSDAQ,4,4,0,0,0,4,0
1455,091440,2026,KOSDAQ,4,4,0,0,0,4,0
1456,091580,2026,KOSDAQ,4,4,0,0,0,4,0
1457,091590,2026,KOSDAQ,4,4,0,0,0,4,0
1458,091700,2026,KOSDAQ,4,4,0,0,0,4,0
1459,091810,2026,KOSPI,4,4,0,0,0,4,0
1460,091970,2026,KOSDAQ,4,4,0,0,0,4,0
1461,092040,2026,KOSDAQ,4,4,0,0,0,4,0
1462,092070,2026,KOSDAQ,4,4,0,0,0,4,0
1463,092130,2026,KOSDAQ,4,4,0,0,0,4,0
1464,092190,2026,KOSDAQ,4,4,0,0,0,4,0
1465,092200,2026,KOSPI,4,4,0,0,0,4,0
1466,092220,2026,KOSPI,4,4,0,0,0,4,0
1467,092230,2026,KOSPI,4,4,0,0,0,4,0
1468,092300,2026,KOSDAQ,4,4,0,0,0,4,0
1469,092440,2026,KOSPI,4,4,0,0,0,4,0
1470,092460,2026,KOSDAQ,4,4,0,0,0,4,0
1471,092600,2026,KOSDAQ,4,4,0,0,0,4,0
1472,092730,2026,KOSDAQ,4,4,0,0,0,4,0
1473,092780,2026,KOSPI,4,4,0,0,0,4,0
1474,092790,2026,KOSPI,4,4,0,0,0,4,0
1475,092870,2026,KOSDAQ,4,4,0,0,0,4,0
1476,093050,2026,KOSPI,4,4,0,0,0,4,0
1477,093190,2026,KOSDAQ,4,4,0,0,0,4,0
1478,093240,2026,KOSPI,4,4,4,0,0,0,0
1479,093320,2026,KOSDAQ,4,4,0,0,0,4,0
1480,093370,2026,KOSPI,4,4,0,0,0,4,0
1481,093380,2026,KOSDAQ,4,4,0,0,0,4,0
1482,093520,2026,KOSDAQ,4,4,0,0,0,4,0
1483,093640,2026,KOSDAQ,4,4,0,0,0,4,0
1484,093920,2026,KOSDAQ,4,4,0,0,0,4,0
1485,094170,2026,KOSDAQ,4,4,0,0,0,4,0
1486,094280,2026,KOSPI,4,4,0,0,0,4,0
1487,094360,2026,KOSDAQ,4,4,0,0,0,4,0
1488,094480,2026,KOSDAQ,4,4,0,0,0,4,0
1490,094820,2026,KOSDAQ,4,4,0,0,0,4,0
1491,094840,2026,KOSDAQ,4,4,0,0,0,4,0
1492,094850,2026,KOSDAQ,4,4,0,0,0,4,0
1493,094860,2026,KOSDAQ,4,4,0,0,0,4,0
1494,094940,2026,KOSDAQ,4,4,0,0,0,4,0
1495,094970,2026,KOSDAQ,4,4,0,0,0,4,0
1496,095190,2026,KOSDAQ,4,4,0,0,0,4,0
1497,095270,2026,KOSDAQ,4,4,0,0,0,4,0
1498,095340,2026,KOSDAQ,4,4,0,0,0,4,0
1499,095500,2026,KOSDAQ,4,4,0,0,0,4,0
1500,095570,2026,KOSPI,4,4,0,0,0,4,0
1501,095610,2026,KOSDAQ,4,4,0,0,0,4,0
1502,095660,2026,KOSDAQ,4,4,0,0,0,4,0
1503,095700,2026,KOSDAQ,4,4,0,0,0,4,0
1504,095720,2026,KOSPI,4,4,0,0,0,4,0
1505,095910,2026,KOSDAQ,4,4,0,0,0,4,0
1506,096240,2026,KOSDAQ,4,4,0,0,0,4,0
1507,096250,2026,KOSDAQ,4,4,0,0,0,4,0
1508,096350,2026,KOSDAQ,4,4,0,0,0,4,0
1509,096530,2026,KOSDAQ,4,4,0,0,0,4,0
1511,096630,2026,KOSDAQ,4,4,0,0,0,4,0
1512,096690,2026,KOSDAQ,4,4,0,0,0,4,0
1513,096760,2026,KOSPI,4,4,0,0,0,4,0
1514,096770,2026,KOSPI,4,4,0,0,0,4,0
1516,096870,2026,KOSDAQ,4,4,0,0,0,4,0
1517,097230,2026,KOSPI,4,4,0,0,0,4,0
1518,097520,2026,KOSPI,4,4,0,0,0,4,0
1519,097780,2026,KOSDAQ,4,4,0,0,0,4,0
1520,097800,2026,KOSDAQ,4,4,0,0,0,4,0
1521,097870,2026,KOSDAQ,4,4,0,0,0,4,0
1522,097950,2026,KOSPI,4,4,0,0,0,4,0
1524,098070,2026,KOSDAQ,4,4,0,0,0,4,0
1525,098120,2026,KOSDAQ,4,4,0,0,0,4,0
1526,098460,2026,KOSDAQ,4,4,0,0,0,4,0
1527,098660,2026,KOSDAQ,4,4,0,0,0,4,0
1528,099190,2026,KOSDAQ,4,4,0,0,0,4,0
1529,099220,2026,KOSDAQ,4,4,4,0,0,0,0
1530,099320,2026,KOSDAQ,4,4,0,0,0,4,0
1531,099390,2026,KOSDAQ,4,4,0,0,0,4,0
1532,099410,2026,KOSDAQ,4,4,0,0,0,4,0
1533,099430,2026,KOSDAQ,4,4,0,0,0,4,0
1534,099440,2026,KOSDAQ,4,4,0,0,0,4,0
1535,099520,2026,KOSDAQ,4,4,4,0,0,0,0
1536,099750,2026,KOSDAQ,4,4,0,0,0,4,0
1537,100030,2026,KOSDAQ,4,4,0,0,0,4,0
1538,100090,2026,KOSPI,4,4,0,0,0,4,0
1539,100120,2026,KOSDAQ,4,4,0,0,0,4,0
1540,100130,2026,KOSDAQ,4,4,0,0,0,4,0
1541,100220,2026,KOSPI,4,4,0,0,0,4,0
1542,100250,2026,KOSPI,4,4,0,0,0,4,0
1543,100590,2026,KOSDAQ,4,4,0,0,0,4,0
1544,100660,2026,KOSDAQ,4,4,0,0,0,4,0
1545,100700,2026,KOSDAQ,4,4,0,0,0,4,0
1546,100790,2026,KOSDAQ,4,4,0,0,0,4,0
1547,100840,2026,KOSPI,4,4,0,0,0,4,0
1548,101000,2026,KOSDAQ,4,4,0,0,0,4,0
1549,101140,2026,KOSPI,4,4,0,0,0,4,0
1550,101160,2026,KOSDAQ,4,4,0,0,0,4,0
1551,101170,2026,KOSDAQ,4,4,0,0,0,4,0
1552,101240,2026,KOSDAQ,4,4,0,0,0,4,0
1553,101330,2026,KOSDAQ,4,4,0,0,0,4,0
1554,101360,2026,KOSDAQ,4,4,0,0,0,4,0
1555,101400,2026,KOSDAQ,4,4,0,0,0,4,0
1556,101490,2026,KOSDAQ,4,4,0,0,0,4,0
1557,101530,2026,KOSPI,4,4,0,0,0,4,0
1558,101670,2026,KOSDAQ,4,4,0,0,0,4,0
1559,101680,2026,KOSDAQ,4,4,0,0,0,4,0
1560,101730,2026,KOSDAQ,4,4,0,0,0,4,0
1561,101930,2026,KOSDAQ,4,4,0,0,0,4,0
1563,102120,2026,KOSDAQ,4,4,0,0,0,4,0
1564,102260,2026,KOSPI,4,4,0,0,0,4,0
1565,102370,2026,KOSDAQ,4,4,0,0,0,4,0
1566,102460,2026,KOSPI,4,4,0,0,0,4,0
1567,102710,2026,KOSDAQ,4,4,0,0,0,4,0
1568,102940,2026,KOSDAQ,4,4,0,0,0,4,0
1569,103140,2026,KOSPI,4,4,0,0,0,4,0
1570,103230,2026,KOSDAQ,4,4,0,0,0,4,0
1571,103590,2026,KOSPI,4,4,0,0,0,4,0
1572,103840,2026,KOSDAQ,4,4,0,0,0,4,0
1573,104040,2026,KOSDAQ,4,4,0,0,0,4,0
1574,104200,2026,KOSDAQ,4,4,0,0,0,4,0
1575,104460,2026,KOSDAQ,4,4,0,0,0,4,0
1576,104480,2026,KOSDAQ,4,4,0,0,0,4,0
1577,104540,2026,KOSDAQ,4,4,0,0,0,4,0
1578,104620,2026,KOSDAQ,4,4,0,0,0,4,0
1579,104700,2026,KOSPI,4,4,0,0,0,4,0
1580,104830,2026,KOSDAQ,4,4,0,0,0,4,0
1581,105330,2026,KOSDAQ,4,4,0,0,0,4,0
1582,105550,2026,KOSDAQ,4,4,0,0,0,4,0
1583,105560,2026,KOSPI,4,4,0,0,0,4,0
1584,105630,2026,KOSPI,4,4,0,0,0,4,0
1585,105740,2026,KOSDAQ,4,4,0,0,0,4,0
1586,105760,2026,KOSDAQ,4,4,0,0,0,4,0
1587,105840,2026,KOSPI,4,4,0,0,0,4,0
1588,106080,2026,KOSDAQ,4,4,4,0,0,0,0
1589,106190,2026,KOSDAQ,4,4,0,0,0,4,0
1590,106240,2026,KOSDAQ,4,4,0,0,0,4,0
1591,107590,2026,KOSPI,4,4,0,0,0,4,0
1592,107600,2026,KOSDAQ,4,4,0,0,0,4,0
1593,107640,2026,KOSDAQ,4,4,0,0,0,4,0
1594,108230,2026,KOSDAQ,4,4,0,0,0,4,0
1595,108320,2026,KOSPI,4,4,0,0,0,4,0
1596,108380,2026,KOSDAQ,4,4,0,0,0,4,0
1597,108490,2026,KOSDAQ,4,4,0,0,0,4,0
1598,108670,2026,KOSPI,4,4,0,0,0,4,0
1600,108860,2026,KOSDAQ,4,4,0,0,0,4,0
1601,109070,2026,KOSPI,4,4,4,0,0,0,0
1602,109080,2026,KOSDAQ,4,4,0,0,0,4,0
1603,109610,2026,KOSDAQ,4,4,0,0,0,4,0
1604,109670,2026,KOSDAQ,4,4,0,0,0,4,0
1605,109740,2026,KOSDAQ,4,4,0,0,0,4,0
1606,109820,2026,KOSDAQ,4,4,0,0,0,4,0
1607,109860,2026,KOSDAQ,4,4,0,0,0,4,0
1608,109960,2026,KOSDAQ,4,4,0,0,0,4,0
1609,110020,2026,KOSDAQ,4,4,0,0,0,4,0
1610,110790,2026,KOSDAQ,4,4,0,0,0,4,0
1611,110990,2026,KOSDAQ,4,4,0,0,0,4,0
1612,111110,2026,KOSPI,4,4,0,0,0,4,0
1613,111380,2026,KOSPI,4,4,0,0,0,4,0
1614,111710,2026,KOSDAQ,4,4,0,0,0,4,0
1615,111770,2026,KOSPI,4,4,0,0,0,4,0
1616,112040,2026,KOSDAQ,4,4,0,0,0,4,0
1617,112290,2026,KOSDAQ,4,4,0,0,0,4,0
1618,112610,2026,KOSPI,4,4,0,0,0,4,0
1619,113810,2026,KOSDAQ,4,4,0,0,0,4,0
1620,114090,2026,KOSPI,4,4,0,0,0,4,0
1621,114190,2026,KOSDAQ,4,4,0,0,0,4,0
1622,114450,2026,KOSDAQ,4,4,0,0,0,4,0
1623,114630,2026,KOSDAQ,4,4,0,0,0,4,0
1624,114810,2026,KOSDAQ,4,4,0,0,0,4,0
1625,114840,2026,KOSDAQ,4,4,0,0,0,4,0
1626,115160,2026,KOSDAQ,4,4,0,0,0,4,0
1627,115180,2026,KOSDAQ,4,4,0,0,0,4,0
1628,115310,2026,KOSDAQ,4,4,0,0,0,4,0
1629,115440,2026,KOSDAQ,4,4,0,0,0,4,0
1630,115450,2026,KOSDAQ,4,4,0,0,0,4,0
1631,115480,2026,KOSDAQ,4,4,0,0,0,4,0
1632,115500,2026,KOSDAQ,4,4,0,0,0,4,0
1633,115530,2026,KOSDAQ,4,4,0,0,0,4,0
1634,115570,2026,KOSDAQ,4,4,0,0,0,4,0
1635,115610,2026,KOSDAQ,4,4,0,0,0,4,0
1636,117580,2026,KOSPI,4,4,0,0,0,4,0
1637,117670,2026,KOSDAQ,4,4,0,0,0,4,0
1638,117730,2026,KOSDAQ,4,4,0,0,0,4,0
1639,118000,2026,KOSPI,4,4,0,0,0,4,0
1640,118990,2026,KOSDAQ,4,4,0,0,0,4,0
1641,119500,2026,KOSDAQ,4,4,0,0,0,4,0
1642,119610,2026,KOSDAQ,4,4,0,0,0,4,0
1643,119650,2026,KOSPI,4,4,4,0,0,0,0
1644,119830,2026,KOSDAQ,4,4,0,0,0,4,0
1645,119850,2026,KOSDAQ,4,4,0,0,0,4,0
1646,120030,2026,KOSPI,4,4,0,0,0,4,0
1647,120110,2026,KOSPI,4,4,0,0,0,4,0
1649,120240,2026,KOSDAQ,4,4,0,0,0,4,0
1650,121440,2026,KOSDAQ,4,4,0,0,0,4,0
1651,121600,2026,KOSDAQ,4,4,0,0,0,4,0
1652,121800,2026,KOSDAQ,4,4,4,0,0,0,0
1653,121850,2026,KOSDAQ,4,4,3,0,0,1,0
1654,121890,2026,KOSDAQ,4,4,0,0,0,4,0
1655,122310,2026,KOSDAQ,4,4,0,0,0,4,0
1656,122350,2026,KOSDAQ,4,4,0,0,0,4,0
1657,122450,2026,KOSDAQ,4,4,0,0,0,4,0
1658,122640,2026,KOSDAQ,4,4,0,0,0,4,0
1659,122690,2026,KOSDAQ,4,4,0,0,0,4,0
1660,122870,2026,KOSDAQ,4,4,0,0,0,4,0
1661,122900,2026,KOSPI,4,4,0,0,0,4,0
1662,122990,2026,KOSDAQ,4,4,0,0,0,4,0
1663,123010,2026,KOSDAQ,4,4,0,0,0,4,0
1664,123040,2026,KOSDAQ,4,4,0,0,0,4,0
1665,123330,2026,KOSDAQ,4,4,0,0,0,4,0
1666,123410,2026,KOSDAQ,4,4,0,0,0,4,0
1667,123420,2026,KOSDAQ,4,4,0,0,0,4,0
1668,123570,2026,KOSDAQ,4,4,0,0,0,4,0
1669,123690,2026,KOSPI,4,4,0,0,0,4,0
1670,123700,2026,KOSPI,4,4,0,0,0,4,0
1671,123750,2026,KOSDAQ,4,4,0,0,0,4,0
1672,123840,2026,KOSDAQ,4,4,0,0,0,4,0
1673,123860,2026,KOSDAQ,4,4,0,0,0,4,0
1674,123890,2026,KOSPI,4,4,0,0,0,4,0
1675,124500,2026,KOSDAQ,4,4,0,0,0,4,0
1676,124560,2026,KOSDAQ,4,4,0,0,0,4,0
1677,125020,2026,KOSDAQ,4,4,0,0,0,4,0
1678,125210,2026,KOSDAQ,4,4,0,0,0,4,0
1679,125490,2026,KOSDAQ,4,4,0,0,0,4,0
1680,126340,2026,KOSDAQ,4,4,0,0,0,4,0
1681,126560,2026,KOSPI,4,4,0,0,0,4,0
1682,126600,2026,KOSDAQ,4,4,0,0,0,4,0
1683,126640,2026,KOSDAQ,4,4,0,0,0,4,0
1684,126700,2026,KOSDAQ,4,4,0,0,0,4,0
1685,126720,2026,KOSPI,4,4,0,0,0,4,0
1686,126730,2026,KOSDAQ,4,4,0,0,0,4,0
1687,126880,2026,KOSDAQ,4,4,0,0,0,4,0
1688,127120,2026,KOSDAQ,4,4,0,0,0,4,0
1689,127710,2026,KOSDAQ,4,4,0,0,0,4,0
1690,127980,2026,KOSDAQ,4,4,0,0,0,4,0
1691,128540,2026,KOSDAQ,4,4,0,0,0,4,0
1692,128660,2026,KOSDAQ,4,4,0,0,0,4,0
1693,128820,2026,KOSPI,4,4,0,0,0,4,0
1694,128940,2026,KOSPI,4,4,0,0,0,4,0
1695,129260,2026,KOSPI,4,4,0,0,0,4,0
1696,129890,2026,KOSDAQ,4,4,0,0,0,4,0
1697,129920,2026,KOSDAQ,4,4,0,0,0,4,0
1698,130500,2026,KOSDAQ,4,4,0,0,0,4,0
1699,130580,2026,KOSDAQ,4,4,0,0,0,4,0
1700,130660,2026,KOSPI,4,4,0,0,0,4,0
1701,130740,2026,KOSDAQ,4,4,0,0,0,4,0
1702,131030,2026,KOSDAQ,4,4,0,0,0,4,0
1703,131090,2026,KOSDAQ,4,4,0,0,0,4,0
1704,131100,2026,KOSDAQ,4,4,0,0,0,4,0
1705,131180,2026,KOSDAQ,4,4,0,0,0,4,0
1706,131220,2026,KOSDAQ,4,4,0,0,0,4,0
1707,131290,2026,KOSDAQ,4,4,0,0,0,4,0
1708,131370,2026,KOSDAQ,4,4,0,0,0,4,0
1709,131400,2026,KOSDAQ,4,4,0,0,0,4,0
1710,131760,2026,KOSDAQ,4,4,0,0,0,4,0
1711,131970,2026,KOSDAQ,4,4,0,0,0,4,0
1712,133750,2026,KOSDAQ,4,4,0,0,0,4,0
1713,133820,2026,KOSPI,4,4,0,0,0,4,0
1714,134060,2026,KOSDAQ,4,4,0,0,0,4,0
1715,134380,2026,KOSPI,4,4,0,0,0,4,0
1716,134580,2026,KOSDAQ,4,4,4,0,0,0,0
1717,134790,2026,KOSPI,4,4,0,0,0,4,0
1718,136150,2026,KOSDAQ,4,4,0,0,0,4,0
1719,136410,2026,KOSDAQ,4,4,0,0,0,4,0
1720,136480,2026,KOSDAQ,4,4,0,0,0,4,0
1721,136490,2026,KOSPI,4,4,0,0,0,4,0
1722,136540,2026,KOSDAQ,4,4,0,0,0,4,0
1723,137080,2026,KOSDAQ,4,4,0,0,0,4,0
1724,137310,2026,KOSPI,4,4,0,0,0,4,0
1725,137400,2026,KOSDAQ,4,4,0,0,0,4,0
1726,137940,2026,KOSDAQ,4,4,0,0,0,4,0
1727,137950,2026,KOSDAQ,4,4,0,0,0,4,0
1728,138040,2026,KOSPI,4,4,0,0,0,4,0
1729,138070,2026,KOSDAQ,4,4,0,0,0,4,0
1730,138080,2026,KOSDAQ,4,4,0,0,0,4,0
1731,138360,2026,KOSDAQ,4,4,0,0,0,4,0
1732,138610,2026,KOSDAQ,4,4,0,0,0,4,0
1733,138930,2026,KOSPI,4,4,0,0,0,4,0
1734,139130,2026,KOSPI,4,4,0,0,0,4,0
1735,139480,2026,KOSPI,4,4,0,0,0,4,0
1736,139670,2026,KOSDAQ,4,4,0,0,0,4,0
1737,139990,2026,KOSPI,4,4,0,0,0,4,0
1738,140070,2026,KOSDAQ,4,4,0,0,0,4,0
1739,140410,2026,KOSDAQ,4,4,0,0,0,4,0
1740,140430,2026,KOSDAQ,4,4,0,0,0,4,0
1741,140520,2026,KOSDAQ,4,4,0,0,0,4,0
1742,140670,2026,KOSDAQ,4,4,0,0,0,4,0
1743,140860,2026,KOSDAQ,4,4,0,0,0,4,0
1744,141000,2026,KOSDAQ,4,4,0,0,0,4,0
1745,141080,2026,KOSDAQ,4,4,0,0,0,4,0
1746,142210,2026,KOSDAQ,4,4,0,0,0,4,0
1747,142280,2026,KOSDAQ,4,4,0,0,0,4,0
1748,142760,2026,KOSDAQ,4,4,0,0,0,4,0
1749,143160,2026,KOSDAQ,4,4,0,0,0,4,0
1750,143210,2026,KOSPI,4,4,4,0,0,0,0
1751,143240,2026,KOSDAQ,4,4,0,0,0,4,0
1752,143540,2026,KOSDAQ,4,4,0,0,0,4,0
1753,144510,2026,KOSDAQ,4,4,0,0,0,4,0
1754,144960,2026,KOSDAQ,4,4,0,0,0,4,0
1755,145020,2026,KOSDAQ,4,4,0,0,0,4,0
1756,145170,2026,KOSDAQ,4,4,0,0,0,4,0
1757,145210,2026,KOSPI,4,4,4,0,0,0,0
1759,145720,2026,KOSPI,4,4,0,0,0,4,0
1760,145990,2026,KOSPI,4,4,0,0,0,4,0
1762,146060,2026,KOSDAQ,4,4,0,0,0,4,0
1763,146320,2026,KOSDAQ,4,4,0,0,0,4,0
1764,147760,2026,KOSDAQ,4,4,0,0,0,4,0
1765,147830,2026,KOSDAQ,4,4,0,0,0,4,0
1766,148150,2026,KOSDAQ,4,4,0,0,0,4,0
1767,148250,2026,KOSDAQ,4,4,0,0,0,4,0
1768,148780,2026,KOSDAQ,4,4,0,0,0,4,0
1769,148930,2026,KOSDAQ,4,4,0,0,0,4,0
1770,149950,2026,KOSDAQ,4,4,0,0,0,4,0
1771,149980,2026,KOSDAQ,4,4,0,0,0,4,0
1772,150900,2026,KOSDAQ,4,4,0,0,0,4,0
1773,151860,2026,KOSDAQ,4,4,0,0,0,4,0
1774,153460,2026,KOSDAQ,4,4,0,0,0,4,0
1775,153490,2026,KOSDAQ,4,4,0,0,0,4,0
1776,153710,2026,KOSDAQ,4,4,0,0,0,4,0
1777,153890,2026,KOSDAQ,4,4,0,0,0,4,0
1778,154030,2026,KOSDAQ,4,4,0,0,0,4,0
1779,154040,2026,KOSDAQ,4,4,3,0,0,1,0
1780,155650,2026,KOSDAQ,4,4,0,0,0,4,0
1781,155660,2026,KOSPI,4,4,0,0,0,4,0
1782,156100,2026,KOSDAQ,4,4,0,0,0,4,0
1783,158430,2026,KOSDAQ,4,4,0,0,0,4,0
1784,159010,2026,KOSDAQ,4,4,0,0,0,4,0
1785,159580,2026,KOSDAQ,4,4,0,0,0,4,0
1786,159910,2026,KOSDAQ,4,4,0,0,0,4,0
1787,160190,2026,KOSDAQ,4,4,0,0,0,4,0
1788,160550,2026,KOSDAQ,4,4,0,0,0,4,0
1789,160980,2026,KOSDAQ,4,4,0,0,0,4,0
1790,161000,2026,KOSPI,4,4,0,0,0,4,0
1791,161390,2026,KOSPI,4,4,0,0,0,4,0
1792,161580,2026,KOSDAQ,4,4,0,0,0,4,0
1793,161890,2026,KOSPI,4,4,0,0,0,4,0
1794,162300,2026,KOSDAQ,4,4,0,0,0,4,0
1795,163280,2026,KOSDAQ,4,4,0,0,0,4,0
1796,163560,2026,KOSPI,4,4,0,0,0,4,0
1797,163730,2026,KOSDAQ,4,4,0,0,0,4,0
1798,166090,2026,KOSDAQ,4,4,0,0,0,4,0
1799,166480,2026,KOSDAQ,4,4,0,0,0,4,0
1800,168330,2026,KOSDAQ,4,4,0,0,0,4,0
1801,168360,2026,KOSDAQ,4,4,0,0,0,4,0
1802,169330,2026,KOSDAQ,4,4,0,0,0,4,0
1803,170030,2026,KOSDAQ,4,4,0,0,0,4,0
1804,170790,2026,KOSDAQ,4,4,0,0,0,4,0
1805,170900,2026,KOSPI,4,4,0,0,0,4,0
1806,170920,2026,KOSDAQ,4,4,0,0,0,4,0
1807,171010,2026,KOSDAQ,4,4,0,0,0,4,0
1808,171090,2026,KOSDAQ,4,4,0,0,0,4,0
1809,171120,2026,KOSDAQ,4,4,0,0,0,4,0
1810,172670,2026,KOSDAQ,4,4,0,0,0,4,0
1811,173130,2026,KOSDAQ,4,4,0,0,0,4,0
1812,173940,2026,KOSDAQ,4,4,0,0,0,4,0
1813,174900,2026,KOSDAQ,4,4,0,0,0,4,0
1814,175140,2026,KOSDAQ,4,4,0,0,0,4,0
1815,175250,2026,KOSDAQ,4,4,0,0,0,4,0
1816,175330,2026,KOSPI,4,4,0,0,0,4,0
1817,176750,2026,KOSDAQ,4,4,0,0,0,4,0
1818,177350,2026,KOSDAQ,4,4,0,0,0,4,0
1819,177830,2026,KOSDAQ,4,4,0,0,0,4,0
1820,177900,2026,KOSDAQ,4,4,0,0,0,4,0
1821,178320,2026,KOSDAQ,4,4,0,0,0,4,0
1822,178780,2026,KOSDAQ,4,4,0,0,0,4,0
1823,178920,2026,KOSPI,4,4,0,0,0,4,0
1824,179290,2026,KOSDAQ,4,4,0,0,0,4,0
1825,179530,2026,KOSDAQ,4,4,0,0,0,4,0
1826,179900,2026,KOSDAQ,4,4,0,0,0,4,0
1827,180400,2026,KOSDAQ,4,4,0,0,0,4,0
1828,180640,2026,KOSPI,4,4,0,0,0,4,0
1830,181710,2026,KOSPI,4,4,0,0,0,4,0
1831,182360,2026,KOSDAQ,4,4,0,0,0,4,0
1832,182400,2026,KOSDAQ,4,4,4,0,0,0,0
1833,183190,2026,KOSPI,4,4,0,0,0,4,0
1834,183300,2026,KOSDAQ,4,4,0,0,0,4,0
1835,183490,2026,KOSDAQ,4,4,4,0,0,0,0
1836,184230,2026,KOSDAQ,4,4,0,0,0,4,0
1837,185490,2026,KOSDAQ,4,4,0,0,0,4,0
1838,185750,2026,KOSPI,4,4,0,0,0,4,0
1839,186230,2026,KOSDAQ,4,4,0,0,0,4,0
1840,187220,2026,KOSDAQ,4,4,0,0,0,4,0
1841,187270,2026,KOSDAQ,4,4,0,0,0,4,0
1842,187420,2026,KOSDAQ,4,4,0,0,0,4,0
1843,187660,2026,KOSDAQ,4,4,0,0,0,4,0
1844,187790,2026,KOSDAQ,4,4,0,0,0,4,0
1845,187870,2026,KOSDAQ,4,4,0,0,0,4,0
1846,188040,2026,KOSDAQ,4,4,0,0,0,4,0
1847,188260,2026,KOSDAQ,4,4,0,0,0,4,0
1848,189300,2026,KOSDAQ,4,4,0,0,0,4,0
1849,189330,2026,KOSDAQ,4,4,0,0,0,4,0
1850,189690,2026,KOSDAQ,4,4,0,0,0,4,0
1851,189860,2026,KOSDAQ,4,4,0,0,0,4,0
1852,189980,2026,KOSDAQ,4,4,0,0,0,4,0
1853,190510,2026,KOSDAQ,4,4,0,0,0,4,0
1854,190650,2026,KOSDAQ,4,4,0,0,0,4,0
1855,191410,2026,KOSDAQ,4,4,0,0,0,4,0
1856,191420,2026,KOSDAQ,4,4,0,0,0,4,0
1857,192080,2026,KOSPI,4,4,0,0,0,4,0
1858,192250,2026,KOSDAQ,4,4,0,0,0,4,0
1859,192390,2026,KOSDAQ,4,4,0,0,0,4,0
1860,192400,2026,KOSPI,4,4,0,0,0,4,0
1861,192410,2026,KOSDAQ,4,4,0,0,0,4,0
1862,192440,2026,KOSDAQ,4,4,0,0,0,4,0
1863,192650,2026,KOSPI,4,4,0,0,0,4,0
1864,192820,2026,KOSPI,4,4,0,0,0,4,0
1865,193250,2026,KOSDAQ,4,4,0,0,0,4,0
1866,194370,2026,KOSPI,4,4,0,0,0,4,0
1867,194480,2026,KOSDAQ,4,4,0,0,0,4,0
1868,194700,2026,KOSDAQ,4,4,0,0,0,4,0
1869,195500,2026,KOSDAQ,4,4,0,0,0,4,0
1870,195870,2026,KOSPI,4,4,0,0,0,4,0
1871,195940,2026,KOSDAQ,4,4,0,0,0,4,0
1872,195990,2026,KOSDAQ,4,4,0,0,0,4,0
1873,196170,2026,KOSDAQ,4,4,0,0,0,4,0
1874,196300,2026,KOSDAQ,4,4,0,0,0,4,0
1875,196450,2026,KOSDAQ,4,4,0,0,0,4,0
1876,196490,2026,KOSDAQ,4,4,4,0,0,0,0
1877,196700,2026,KOSDAQ,4,4,0,0,0,4,0
1878,197140,2026,KOSDAQ,4,4,0,0,0,4,0
1879,198080,2026,KOSDAQ,4,4,0,0,0,4,0
1880,198440,2026,KOSDAQ,4,4,0,0,0,4,0
1881,198940,2026,KOSDAQ,4,4,0,0,0,4,0
1882,199430,2026,KOSDAQ,4,4,0,0,0,4,0
1883,199480,2026,KOSDAQ,4,4,0,0,0,4,0
1884,199550,2026,KOSDAQ,4,4,0,0,0,4,0
1885,199730,2026,KOSDAQ,4,4,0,0,0,4,0
1886,199800,2026,KOSDAQ,4,4,0,0,0,4,0
1887,199820,2026,KOSDAQ,4,4,0,0,0,4,0
1888,200130,2026,KOSDAQ,4,4,0,0,0,4,0
1889,200230,2026,KOSDAQ,4,4,0,0,0,4,0
1890,200350,2026,KOSDAQ,4,4,0,0,0,4,0
1891,200470,2026,KOSDAQ,4,4,0,0,0,4,0
1892,200670,2026,KOSDAQ,4,4,0,0,0,4,0
1893,200710,2026,KOSDAQ,4,4,0,0,0,4,0
1894,200780,2026,KOSDAQ,4,4,0,0,0,4,0
1895,200880,2026,KOSPI,4,4,0,0,0,4,0
1896,201490,2026,KOSDAQ,4,4,0,0,0,4,0
1897,203400,2026,KOSDAQ,4,4,4,0,0,0,0
1898,203450,2026,KOSDAQ,4,4,0,0,0,4,0
1899,203650,2026,KOSDAQ,4,4,0,0,0,4,0
1900,204020,2026,KOSDAQ,4,4,0,0,0,4,0
1901,204270,2026,KOSDAQ,4,4,0,0,0,4,0
1902,204320,2026,KOSPI,4,4,0,0,0,4,0
1903,204610,2026,KOSDAQ,4,4,0,0,0,4,0
1904,204620,2026,KOSDAQ,4,4,0,0,0,4,0
1905,204840,2026,KOSDAQ,4,4,0,0,0,4,0
1906,205100,2026,KOSDAQ,4,4,0,0,0,4,0
1907,205470,2026,KOSDAQ,4,4,0,0,0,4,0
1908,205500,2026,KOSDAQ,4,4,0,0,0,4,0
1909,206400,2026,KOSDAQ,4,4,0,0,0,4,0
1910,206560,2026,KOSDAQ,4,4,4,0,0,0,0
1911,206640,2026,KOSDAQ,4,4,0,0,0,4,0
1912,206650,2026,KOSDAQ,4,4,0,0,0,4,0
1913,207760,2026,KOSDAQ,4,4,0,0,0,4,0
1914,207940,2026,KOSPI,4,4,0,0,0,4,0
1915,208140,2026,KOSDAQ,4,4,0,0,0,4,0
1916,208350,2026,KOSDAQ,4,4,0,0,0,4,0
1917,208370,2026,KOSDAQ,4,4,0,0,0,4,0
1918,208640,2026,KOSDAQ,4,4,0,0,0,4,0
1919,208710,2026,KOSDAQ,4,4,0,0,0,4,0
1920,208860,2026,KOSDAQ,4,4,3,0,0,1,0
1921,209640,2026,KOSDAQ,4,4,0,0,0,4,0
1922,210120,2026,KOSDAQ,4,4,0,0,0,4,0
1923,210540,2026,KOSPI,4,4,0,0,0,4,0
1924,210980,2026,KOSPI,4,4,0,0,0,4,0
1925,211050,2026,KOSDAQ,4,4,0,0,0,4,0
1926,211270,2026,KOSDAQ,4,4,0,0,0,4,0
1927,212560,2026,KOSDAQ,4,4,0,0,0,4,0
1928,212710,2026,KOSDAQ,4,4,0,0,0,4,0
1929,213420,2026,KOSDAQ,4,4,0,0,0,4,0
1930,213500,2026,KOSPI,4,4,0,0,0,4,0
1931,214150,2026,KOSDAQ,4,4,0,0,0,4,0
1932,214180,2026,KOSDAQ,4,4,0,0,0,4,0
1933,214260,2026,KOSDAQ,4,4,0,0,0,4,0
1934,214270,2026,KOSDAQ,4,4,0,0,0,4,0
1935,214320,2026,KOSPI,4,4,0,0,0,4,0
1936,214330,2026,KOSPI,4,4,0,0,0,4,0
1937,214370,2026,KOSDAQ,4,4,0,0,0,4,0
1938,214390,2026,KOSPI,4,4,0,0,0,4,0
1939,214420,2026,KOSPI,4,4,0,0,0,4,0
1940,214430,2026,KOSDAQ,4,4,0,0,0,4,0
1941,214450,2026,KOSDAQ,4,4,0,0,0,4,0
1942,214610,2026,KOSDAQ,4,4,4,0,0,0,0
1943,214680,2026,KOSDAQ,4,4,0,0,0,4,0
1944,215000,2026,KOSDAQ,4,4,0,0,0,4,0
1945,215090,2026,KOSDAQ,4,4,0,0,0,4,0
1946,215100,2026,KOSDAQ,4,4,0,0,0,4,0
1947,215200,2026,KOSDAQ,4,4,0,0,0,4,0
1948,215360,2026,KOSDAQ,4,4,0,0,0,4,0
1949,215380,2026,KOSDAQ,4,4,0,0,0,4,0
1950,215480,2026,KOSDAQ,4,4,0,0,0,4,0
1951,215600,2026,KOSDAQ,4,4,0,0,0,4,0
1952,215790,2026,KOSDAQ,4,4,0,0,0,4,0
1953,216050,2026,KOSDAQ,4,4,0,0,0,4,0
1954,216080,2026,KOSDAQ,4,4,0,0,0,4,0
1955,217190,2026,KOSDAQ,4,4,0,0,0,4,0
1956,217270,2026,KOSDAQ,4,4,0,0,0,4,0
1957,217330,2026,KOSDAQ,4,4,0,0,0,4,0
1958,217480,2026,KOSDAQ,4,4,4,0,0,0,0
1959,217500,2026,KOSDAQ,4,4,0,0,0,4,0
1960,217590,2026,KOSPI,4,4,0,0,0,4,0
1961,217730,2026,KOSDAQ,4,4,0,0,0,4,0
1962,217820,2026,KOSDAQ,4,4,0,0,0,4,0
1963,218150,2026,KOSDAQ,4,4,0,0,0,4,0
1964,218410,2026,KOSDAQ,4,4,0,0,0,4,0
1965,219130,2026,KOSDAQ,4,4,0,0,0,4,0
1966,219420,2026,KOSDAQ,4,4,0,0,0,4,0
1967,219550,2026,KOSDAQ,4,4,0,0,0,4,0
1968,219750,2026,KOSDAQ,4,4,0,0,0,4,0
1969,220100,2026,KOSDAQ,4,4,0,0,0,4,0
1970,220180,2026,KOSDAQ,4,4,0,0,0,4,0
1971,220260,2026,KOSDAQ,4,4,0,0,0,4,0
1972,221800,2026,KOSDAQ,4,4,0,0,0,4,0
1973,221840,2026,KOSDAQ,4,4,0,0,0,4,0
1974,221980,2026,KOSDAQ,4,4,0,0,0,4,0
1975,222040,2026,KOSDAQ,4,4,0,0,0,4,0
1976,222080,2026,KOSDAQ,4,4,0,0,0,4,0
1977,222110,2026,KOSDAQ,4,4,0,0,0,4,0
1978,222420,2026,KOSDAQ,4,4,0,0,0,4,0
1979,222800,2026,KOSDAQ,4,4,0,0,0,4,0
1980,222980,2026,KOSDAQ,4,4,0,0,0,4,0
1981,223250,2026,KOSDAQ,4,4,0,0,0,4,0
1982,223310,2026,KOSDAQ,4,4,0,0,0,4,0
1983,224060,2026,KOSDAQ,4,4,0,0,0,4,0
1984,224110,2026,KOSDAQ,4,4,0,0,0,4,0
1985,225190,2026,KOSDAQ,4,4,2,0,0,2,0
1986,225220,2026,KOSDAQ,4,4,0,0,0,4,0
1987,225430,2026,KOSDAQ,4,4,0,0,0,4,0
1988,225530,2026,KOSDAQ,4,4,0,0,0,4,0
1989,225570,2026,KOSDAQ,4,4,0,0,0,4,0
1990,225590,2026,KOSDAQ,4,4,0,0,0,4,0
1991,226320,2026,KOSPI,4,4,0,0,0,4,0
1992,226330,2026,KOSDAQ,4,4,0,0,0,4,0
1993,226340,2026,KOSDAQ,4,4,0,0,0,4,0
1994,226400,2026,KOSDAQ,4,4,0,0,0,4,0
1995,226590,2026,KOSDAQ,4,4,0,0,0,4,0
1996,226950,2026,KOSDAQ,4,4,0,0,0,4,0
1997,227610,2026,KOSDAQ,4,4,0,0,0,4,0
1998,227840,2026,KOSPI,4,4,0,0,0,4,0
1999,227950,2026,KOSDAQ,4,4,0,0,0,4,0
2000,228340,2026,KOSDAQ,4,4,0,0,0,4,0
2001,228670,2026,KOSDAQ,4,4,0,0,0,4,0
2002,228760,2026,KOSDAQ,4,4,0,0,0,4,0
2003,228850,2026,KOSDAQ,4,4,0,0,0,4,0
2004,229000,2026,KOSDAQ,4,4,0,0,0,4,0
2005,229640,2026,KOSPI,4,4,0,0,0,4,0
2006,230240,2026,KOSDAQ,4,4,0,0,0,4,0
2007,232140,2026,KOSDAQ,4,4,0,0,0,4,0
2008,232680,2026,KOSDAQ,4,4,0,0,0,4,0
2009,232830,2026,KOSDAQ,4,4,0,0,0,4,0
2010,234030,2026,KOSDAQ,4,4,0,0,0,4,0
2011,234080,2026,KOSPI,4,4,0,0,0,4,0
2012,234100,2026,KOSDAQ,4,4,0,0,0,4,0
2013,234300,2026,KOSDAQ,4,4,0,0,0,4,0
2014,234340,2026,KOSDAQ,4,4,0,0,0,4,0
2015,234690,2026,KOSDAQ,4,4,0,0,0,4,0
2016,234920,2026,KOSDAQ,4,4,4,0,0,0,0
2017,235980,2026,KOSDAQ,4,4,0,0,0,4,0
2018,236200,2026,KOSDAQ,4,4,0,0,0,4,0
2019,236810,2026,KOSDAQ,4,4,0,0,0,4,0
2020,237690,2026,KOSDAQ,4,4,0,0,0,4,0
2021,237750,2026,KOSDAQ,4,4,0,0,0,4,0
2022,237820,2026,KOSDAQ,4,4,0,0,0,4,0
2023,237880,2026,KOSDAQ,4,4,0,0,0,4,0
2024,238090,2026,KOSDAQ,4,4,0,0,0,4,0
2025,238120,2026,KOSDAQ,4,4,0,0,0,4,0
2026,238200,2026,KOSDAQ,4,4,0,0,0,4,0
2027,238490,2026,KOSDAQ,4,4,0,0,0,4,0
2028,239340,2026,KOSDAQ,4,4,4,0,0,0,0
2029,239610,2026,KOSDAQ,4,4,0,0,0,4,0
2030,239890,2026,KOSDAQ,4,4,0,0,0,4,0
2031,240550,2026,KOSDAQ,4,4,0,0,0,4,0
2032,240600,2026,KOSDAQ,4,4,0,0,0,4,0
2033,240810,2026,KOSDAQ,4,4,0,0,0,4,0
2034,241520,2026,KOSDAQ,4,4,0,0,0,4,0
2035,241560,2026,KOSPI,4,4,0,0,0,4,0
2036,241590,2026,KOSPI,4,4,0,0,0,4,0
2037,241690,2026,KOSDAQ,4,4,0,0,0,4,0
2038,241710,2026,KOSDAQ,4,4,0,0,0,4,0
2039,241770,2026,KOSDAQ,4,4,0,0,0,4,0
2040,241790,2026,KOSDAQ,4,4,0,0,0,4,0
2041,241820,2026,KOSDAQ,4,4,4,0,0,0,0
2042,241840,2026,KOSDAQ,4,4,0,0,0,4,0
2043,242040,2026,KOSDAQ,4,4,0,0,0,4,0
2044,243070,2026,KOSDAQ,4,4,0,0,0,4,0
2045,243840,2026,KOSDAQ,4,4,0,0,0,4,0
2046,244460,2026,KOSDAQ,4,4,4,0,0,0,0
2047,244920,2026,KOSPI,4,4,0,0,0,4,0
2048,245620,2026,KOSDAQ,4,4,4,0,0,0,0
2049,246250,2026,KOSDAQ,4,4,4,0,0,0,0
2050,246690,2026,KOSDAQ,4,4,0,0,0,4,0
2051,246710,2026,KOSDAQ,4,4,0,0,0,4,0
2052,246720,2026,KOSDAQ,4,4,4,0,0,0,0
2053,246960,2026,KOSDAQ,4,4,0,0,0,4,0
2054,247540,2026,KOSDAQ,4,4,0,0,0,4,0
2055,247660,2026,KOSDAQ,4,4,0,0,0,4,0
2056,248070,2026,KOSPI,4,4,0,0,0,4,0
2057,248170,2026,KOSPI,4,4,0,0,0,4,0
2058,249420,2026,KOSPI,4,4,0,0,0,4,0
2059,250000,2026,KOSDAQ,4,4,0,0,0,4,0
2060,250060,2026,KOSDAQ,4,4,0,0,0,4,0
2061,250930,2026,KOSDAQ,4,4,0,0,0,4,0
2062,251120,2026,KOSDAQ,4,4,0,0,0,4,0
2063,251270,2026,KOSPI,4,4,0,0,0,4,0
2064,251370,2026,KOSDAQ,4,4,0,0,0,4,0
2065,251630,2026,KOSDAQ,4,4,0,0,0,4,0
2066,251970,2026,KOSDAQ,4,4,0,0,0,4,0
2067,252500,2026,KOSDAQ,4,4,0,0,0,4,0
2068,252990,2026,KOSDAQ,4,4,0,0,0,4,0
2069,253450,2026,KOSDAQ,4,4,0,0,0,4,0
2070,253590,2026,KOSDAQ,4,4,0,0,0,4,0
2071,253840,2026,KOSDAQ,4,4,0,0,0,4,0
2072,254120,2026,KOSDAQ,4,4,0,0,0,4,0
2073,254490,2026,KOSDAQ,4,4,0,0,0,4,0
2074,255220,2026,KOSDAQ,4,4,0,0,0,4,0
2075,255440,2026,KOSDAQ,4,4,0,0,0,4,0
2076,256150,2026,KOSDAQ,4,4,0,0,0,4,0
2077,256630,2026,KOSDAQ,4,4,0,0,0,4,0
2078,256840,2026,KOSDAQ,4,4,0,0,0,4,0
2079,256940,2026,KOSDAQ,4,4,0,0,0,4,0
2080,257370,2026,KOSDAQ,4,4,0,0,0,4,0
2081,257720,2026,KOSDAQ,4,4,0,0,0,4,0
2082,258610,2026,KOSDAQ,4,4,0,0,0,4,0
2083,258790,2026,KOSDAQ,4,4,0,0,0,4,0
2084,258830,2026,KOSDAQ,4,4,4,0,0,0,0
2085,259630,2026,KOSDAQ,4,4,0,0,0,4,0
2086,259960,2026,KOSPI,4,4,0,0,0,4,0
2087,260660,2026,KOSDAQ,4,4,0,0,0,4,0
2088,260930,2026,KOSDAQ,4,4,0,0,0,4,0
2089,260970,2026,KOSDAQ,4,4,0,0,0,4,0
2090,261200,2026,KOSDAQ,4,4,0,0,0,4,0
2091,261520,2026,KOSDAQ,4,4,0,0,0,4,0
2092,261780,2026,KOSDAQ,4,4,0,0,0,4,0
2093,262260,2026,KOSDAQ,4,4,0,0,0,4,0
2094,262840,2026,KOSDAQ,4,4,0,0,0,4,0
2095,263020,2026,KOSDAQ,4,4,0,0,0,4,0
2096,263050,2026,KOSDAQ,4,4,4,0,0,0,0
2097,263600,2026,KOSDAQ,4,4,0,0,0,4,0
2098,263690,2026,KOSDAQ,4,4,0,0,0,4,0
2099,263700,2026,KOSDAQ,4,4,0,0,0,4,0
2100,263720,2026,KOSDAQ,4,4,0,0,0,4,0
2101,263750,2026,KOSDAQ,4,4,0,0,0,4,0
2102,263770,2026,KOSDAQ,4,4,0,0,0,4,0
2103,263800,2026,KOSDAQ,4,4,0,0,0,4,0
2104,263810,2026,KOSDAQ,4,4,0,0,0,4,0
2105,263860,2026,KOSDAQ,4,4,0,0,0,4,0
2106,263920,2026,KOSDAQ,4,4,0,0,0,4,0
2107,264450,2026,KOSDAQ,4,4,0,0,0,4,0
2108,264660,2026,KOSDAQ,4,4,0,0,0,4,0
2109,264850,2026,KOSDAQ,4,4,0,0,0,4,0
2110,264900,2026,KOSPI,4,4,0,0,0,4,0
2112,265520,2026,KOSDAQ,4,4,0,0,0,4,0
2113,265560,2026,KOSDAQ,4,4,0,0,0,4,0
2114,265740,2026,KOSDAQ,4,4,0,0,0,4,0
2115,267250,2026,KOSPI,4,4,0,0,0,4,0
2116,267260,2026,KOSPI,4,4,0,0,0,4,0
2117,267270,2026,KOSPI,4,4,0,0,0,4,0
2118,267290,2026,KOSPI,4,4,0,0,0,4,0
2119,267320,2026,KOSDAQ,4,4,0,0,0,4,0
2120,267790,2026,KOSDAQ,4,4,0,0,0,4,0
2121,267850,2026,KOSPI,4,4,0,0,0,4,0
2122,267980,2026,KOSDAQ,4,4,0,0,0,4,0
2123,268280,2026,KOSPI,4,4,0,0,0,4,0
2125,270520,2026,KOSDAQ,4,4,0,0,0,4,0
2126,270660,2026,KOSDAQ,4,4,0,0,0,4,0
2127,270870,2026,KOSDAQ,4,4,0,0,0,4,0
2128,271560,2026,KOSPI,4,4,0,0,0,4,0
2129,271830,2026,KOSDAQ,4,4,0,0,0,4,0
2130,271940,2026,KOSPI,4,4,0,0,0,4,0
2131,271980,2026,KOSPI,4,4,0,0,0,4,0
2132,272110,2026,KOSDAQ,4,4,0,0,0,4,0
2133,272210,2026,KOSPI,4,4,0,0,0,4,0
2134,272290,2026,KOSDAQ,4,4,0,0,0,4,0
2135,272450,2026,KOSPI,4,4,0,0,0,4,0
2136,272550,2026,KOSPI,4,4,0,0,0,4,0
2137,273060,2026,KOSDAQ,4,4,0,0,0,4,0
2138,273640,2026,KOSDAQ,4,4,0,0,0,4,0
2139,274090,2026,KOSDAQ,4,4,0,0,0,4,0
2140,274400,2026,KOSDAQ,4,4,0,0,0,4,0
2141,275630,2026,KOSDAQ,4,4,0,0,0,4,0
2142,276040,2026,KOSDAQ,4,4,4,0,0,0,0
2143,276730,2026,KOSDAQ,4,4,0,0,0,4,0
2144,277070,2026,KOSDAQ,4,4,0,0,0,4,0
2145,277410,2026,KOSDAQ,4,4,0,0,0,4,0
2146,277810,2026,KOSDAQ,4,4,0,0,0,4,0
2147,277880,2026,KOSDAQ,4,4,0,0,0,4,0
2148,278280,2026,KOSDAQ,4,4,0,0,0,4,0
2149,278470,2026,KOSPI,4,4,0,0,0,4,0
2150,278650,2026,KOSDAQ,4,4,0,0,0,4,0
2151,279570,2026,KOSPI,4,4,0,0,0,4,0
2152,279600,2026,KOSDAQ,4,4,0,0,0,4,0
2153,280360,2026,KOSPI,4,4,0,0,0,4,0
2154,281740,2026,KOSDAQ,4,4,0,0,0,4,0
2155,281820,2026,KOSPI,4,4,0,0,0,4,0
2156,282330,2026,KOSPI,4,4,0,0,0,4,0
2157,282720,2026,KOSDAQ,4,4,0,0,0,4,0
2158,282880,2026,KOSDAQ,4,4,0,0,0,4,0
2159,284620,2026,KOSDAQ,4,4,4,0,0,0,0
2160,284740,2026,KOSPI,4,4,0,0,0,4,0
2161,285130,2026,KOSPI,4,4,0,0,0,4,0
2163,285490,2026,KOSDAQ,4,4,0,0,0,4,0
2164,285800,2026,KOSDAQ,4,4,0,0,0,4,0
2165,286750,2026,KOSDAQ,4,4,0,0,0,4,0
2166,286940,2026,KOSPI,4,4,0,0,0,4,0
2167,287840,2026,KOSDAQ,4,4,0,0,0,4,0
2168,288180,2026,KOSDAQ,4,4,0,0,0,4,0
2169,288330,2026,KOSDAQ,4,4,4,0,0,0,0
2170,288620,2026,KOSDAQ,4,4,0,0,0,4,0
2171,288980,2026,KOSDAQ,4,4,0,0,0,4,0
2172,289010,2026,KOSDAQ,4,4,0,0,0,4,0
2173,289080,2026,KOSDAQ,4,4,0,0,0,4,0
2174,289220,2026,KOSDAQ,4,4,0,0,0,4,0
2175,289930,2026,KOSDAQ,4,4,0,0,0,4,0
2176,290090,2026,KOSDAQ,4,4,0,0,0,4,0
2177,290120,2026,KOSDAQ,4,4,0,0,0,4,0
2178,290270,2026,KOSDAQ,4,4,0,0,0,4,0
2179,290520,2026,KOSDAQ,4,4,0,0,0,4,0
2180,290550,2026,KOSDAQ,4,4,0,0,0,4,0
2181,290560,2026,KOSDAQ,4,4,0,0,0,4,0
2182,290650,2026,KOSDAQ,4,4,0,0,0,4,0
2183,290660,2026,KOSDAQ,4,4,0,0,0,4,0
2184,290670,2026,KOSDAQ,4,4,0,0,0,4,0
2185,290690,2026,KOSDAQ,4,4,0,0,0,4,0
2186,290720,2026,KOSDAQ,4,4,0,0,0,4,0
2187,290740,2026,KOSDAQ,4,4,0,0,0,4,0
2188,291230,2026,KOSDAQ,4,4,0,0,0,4,0
2189,291650,2026,KOSDAQ,4,4,0,0,0,4,0
2190,291810,2026,KOSDAQ,4,4,0,0,0,4,0
2191,293480,2026,KOSPI,4,4,0,0,0,4,0
2192,293490,2026,KOSDAQ,4,4,0,0,0,4,0
2193,293580,2026,KOSDAQ,4,4,0,0,0,4,0
2194,293780,2026,KOSDAQ,4,4,0,0,0,4,0
2196,294090,2026,KOSDAQ,4,4,4,0,0,0,0
2197,294140,2026,KOSDAQ,4,4,0,0,0,4,0
2198,294570,2026,KOSDAQ,4,4,0,0,0,4,0
2199,294630,2026,KOSDAQ,4,4,0,0,0,4,0
2200,294870,2026,KOSPI,4,4,0,0,0,4,0
2201,295310,2026,KOSDAQ,4,4,0,0,0,4,0
2202,296640,2026,KOSDAQ,4,4,0,0,0,4,0
2203,297090,2026,KOSDAQ,4,4,0,0,0,4,0
2204,297570,2026,KOSDAQ,4,4,0,0,0,4,0
2205,297890,2026,KOSDAQ,4,4,0,0,0,4,0
2206,298000,2026,KOSPI,4,4,0,0,0,4,0
2207,298020,2026,KOSPI,4,4,0,0,0,4,0
2208,298040,2026,KOSPI,4,4,0,0,0,4,0
2209,298050,2026,KOSPI,4,4,0,0,0,4,0
2210,298060,2026,KOSDAQ,4,4,0,0,0,4,0
2211,298380,2026,KOSDAQ,4,4,0,0,0,4,0
2212,298540,2026,KOSDAQ,4,4,0,0,0,4,0
2213,298690,2026,KOSPI,4,4,0,0,0,4,0
2214,298830,2026,KOSDAQ,4,4,0,0,0,4,0
2215,299030,2026,KOSDAQ,4,4,0,0,0,4,0
2216,299170,2026,KOSDAQ,4,4,0,0,0,4,0
2217,299660,2026,KOSDAQ,4,4,0,0,0,4,0
2218,300080,2026,KOSDAQ,4,4,0,0,0,4,0
2219,300120,2026,KOSDAQ,4,4,0,0,0,4,0
2220,300720,2026,KOSPI,4,4,0,0,0,4,0
2221,301300,2026,KOSDAQ,4,4,0,0,0,4,0
2222,302430,2026,KOSDAQ,4,4,0,0,0,4,0
2223,302440,2026,KOSPI,4,4,0,0,0,4,0
2224,302550,2026,KOSDAQ,4,4,0,0,0,4,0
2225,303030,2026,KOSDAQ,4,4,0,0,0,4,0
2226,303360,2026,KOSDAQ,4,4,0,0,0,4,0
2227,303530,2026,KOSDAQ,4,4,0,0,0,4,0
2228,303810,2026,KOSDAQ,4,4,0,0,0,4,0
2229,304100,2026,KOSDAQ,4,4,0,0,0,4,0
2230,304360,2026,KOSDAQ,4,4,0,0,0,4,0
2231,304840,2026,KOSDAQ,4,4,4,0,0,0,0
2232,305090,2026,KOSDAQ,4,4,1,0,0,3,0
2233,306040,2026,KOSDAQ,4,4,0,0,0,4,0
2234,306200,2026,KOSPI,4,4,0,0,0,4,0
2235,306620,2026,KOSDAQ,4,4,0,0,0,4,0
2236,307180,2026,KOSDAQ,4,4,0,0,0,4,0
2237,307280,2026,KOSDAQ,4,4,0,0,0,4,0
2238,307750,2026,KOSDAQ,4,4,0,0,0,4,0
2239,307870,2026,KOSDAQ,4,4,0,0,0,4,0
2240,307930,2026,KOSDAQ,4,4,0,0,0,4,0
2241,307950,2026,KOSPI,4,4,0,0,0,4,0
2242,308080,2026,KOSDAQ,4,4,0,0,0,4,0
2243,308100,2026,KOSDAQ,4,4,0,0,0,4,0
2244,308170,2026,KOSPI,4,4,0,0,0,4,0
2245,308430,2026,KOSDAQ,4,4,0,0,0,4,0
2246,309710,2026,KOSDAQ,4,4,4,0,0,0,0
2247,309930,2026,KOSDAQ,4,4,0,0,0,4,0
2248,309960,2026,KOSDAQ,4,4,0,0,0,4,0
2249,310200,2026,KOSDAQ,4,4,0,0,0,4,0
2250,310210,2026,KOSDAQ,4,4,0,0,0,4,0
2251,310870,2026,KOSDAQ,4,4,0,0,0,4,0
2252,311320,2026,KOSDAQ,4,4,0,0,0,4,0
2253,311390,2026,KOSDAQ,4,4,0,0,0,4,0
2254,311690,2026,KOSDAQ,4,4,0,0,0,4,0
2255,312610,2026,KOSDAQ,4,4,0,0,0,4,0
2256,313760,2026,KOSDAQ,4,4,4,0,0,0,0
2257,314130,2026,KOSDAQ,4,4,0,0,0,4,0
2258,314140,2026,KOSDAQ,4,4,0,0,0,4,0
2259,314930,2026,KOSDAQ,4,4,0,0,0,4,0
2260,315640,2026,KOSDAQ,4,4,0,0,0,4,0
2261,316140,2026,KOSPI,4,4,0,0,0,4,0
2262,317120,2026,KOSDAQ,4,4,0,0,0,4,0
2263,317240,2026,KOSDAQ,4,4,0,0,0,4,0
2264,317330,2026,KOSDAQ,4,4,0,0,0,4,0
2265,317400,2026,KOSPI,4,4,0,0,0,4,0
2266,317450,2026,KOSPI,4,4,0,0,0,4,0
2267,317530,2026,KOSDAQ,4,4,0,0,0,4,0
2268,317690,2026,KOSDAQ,4,4,0,0,0,4,0
2269,317770,2026,KOSDAQ,4,4,0,0,0,4,0
2270,317830,2026,KOSDAQ,4,4,0,0,0,4,0
2271,317850,2026,KOSDAQ,4,4,0,0,0,4,0
2272,317870,2026,KOSDAQ,4,4,0,0,0,4,0
2273,318000,2026,KOSDAQ,4,4,0,0,0,4,0
2274,318010,2026,KOSDAQ,4,4,0,0,0,4,0
2275,318020,2026,KOSDAQ,4,4,0,0,0,4,0
2276,318060,2026,KOSDAQ,4,4,0,0,0,4,0
2277,318160,2026,KOSDAQ,4,4,0,0,0,4,0
2278,318410,2026,KOSDAQ,4,4,0,0,0,4,0
2279,319400,2026,KOSDAQ,4,4,0,0,0,4,0
2280,319660,2026,KOSDAQ,4,4,0,0,0,4,0
2281,320000,2026,KOSDAQ,4,4,0,0,0,4,0
2282,321260,2026,KOSDAQ,4,4,0,0,0,4,0
2283,321370,2026,KOSDAQ,4,4,0,0,0,4,0
2284,321550,2026,KOSDAQ,4,4,0,0,0,4,0
2285,321820,2026,KOSDAQ,4,4,0,0,0,4,0
2286,322000,2026,KOSPI,4,4,0,0,0,4,0
2287,322180,2026,KOSDAQ,4,4,0,0,0,4,0
2288,322310,2026,KOSDAQ,4,4,0,0,0,4,0
2289,322510,2026,KOSDAQ,4,4,0,0,0,4,0
2290,322780,2026,KOSDAQ,4,4,0,0,0,4,0
2291,323280,2026,KOSDAQ,4,4,0,0,0,4,0
2292,323350,2026,KOSDAQ,4,4,0,0,0,4,0
2293,323410,2026,KOSPI,4,4,0,0,0,4,0
2294,323990,2026,KOSDAQ,4,4,0,0,0,4,0
2295,326030,2026,KOSPI,4,4,0,0,0,4,0
2296,327260,2026,KOSDAQ,4,4,0,0,0,4,0
2297,328130,2026,KOSDAQ,4,4,0,0,0,4,0
2298,328380,2026,KOSDAQ,4,4,0,0,0,4,0
2299,329180,2026,KOSPI,4,4,0,0,0,4,0
2300,330350,2026,KOSDAQ,4,4,0,0,0,4,0
2302,330730,2026,KOSDAQ,4,4,0,0,0,4,0
2303,330860,2026,KOSDAQ,4,4,0,0,0,4,0
2304,331380,2026,KOSDAQ,4,4,0,0,0,4,0
2305,331520,2026,KOSDAQ,4,4,0,0,0,4,0
2306,331740,2026,KOSDAQ,4,4,0,0,0,4,0
2307,331920,2026,KOSDAQ,4,4,0,0,0,4,0
2308,332290,2026,KOSDAQ,4,4,0,0,0,4,0
2309,332370,2026,KOSDAQ,4,4,0,0,0,4,0
2310,332570,2026,KOSDAQ,4,4,0,0,0,4,0
2311,333050,2026,KOSDAQ,4,4,0,0,0,4,0
2312,333430,2026,KOSDAQ,4,4,0,0,0,4,0
2313,333620,2026,KOSDAQ,4,4,0,0,0,4,0
2315,334970,2026,KOSDAQ,4,4,0,0,0,4,0
2316,335810,2026,KOSDAQ,4,4,0,0,0,4,0
2317,335870,2026,KOSDAQ,4,4,0,0,0,4,0
2318,336060,2026,KOSDAQ,4,4,0,0,0,4,0
2319,336260,2026,KOSPI,4,4,0,0,0,4,0
2322,336370,2026,KOSPI,4,4,0,0,0,4,0
2325,336570,2026,KOSDAQ,4,4,0,0,0,4,0
2326,336680,2026,KOSDAQ,4,4,0,0,0,4,0
2327,337930,2026,KOSDAQ,4,4,0,0,0,4,0
2329,338220,2026,KOSDAQ,4,4,0,0,0,4,0
2330,338840,2026,KOSDAQ,4,4,0,0,0,4,0
2331,339770,2026,KOSPI,4,4,0,0,0,4,0
2332,339950,2026,KOSDAQ,4,4,0,0,0,4,0
2333,340360,2026,KOSDAQ,4,4,0,0,0,4,0
2334,340440,2026,KOSDAQ,4,4,0,0,0,4,0
2335,340450,2026,KOSDAQ,4,4,0,0,0,4,0
2336,340570,2026,KOSDAQ,4,4,0,0,0,4,0
2337,340810,2026,KOSDAQ,4,4,0,0,0,4,0
2338,340930,2026,KOSDAQ,4,4,4,0,0,0,0
2339,342870,2026,KOSDAQ,4,4,0,0,0,4,0
2340,344820,2026,KOSPI,4,4,0,0,0,4,0
2341,344860,2026,KOSDAQ,4,4,0,0,0,4,0
2342,347000,2026,KOSDAQ,4,4,0,0,0,4,0
2343,347700,2026,KOSDAQ,4,4,0,0,0,4,0
2344,347740,2026,KOSDAQ,4,4,0,0,0,4,0
2345,347770,2026,KOSDAQ,4,4,0,0,0,4,0
2346,347850,2026,KOSDAQ,4,4,0,0,0,4,0
2347,347860,2026,KOSDAQ,4,4,0,0,0,4,0
2348,347890,2026,KOSDAQ,4,4,0,0,0,4,0
2349,348030,2026,KOSDAQ,4,4,0,0,0,4,0
2350,348080,2026,KOSDAQ,4,4,0,0,0,4,0
2351,348150,2026,KOSDAQ,4,4,0,0,0,4,0
2352,348210,2026,KOSDAQ,4,4,0,0,0,4,0
2353,348340,2026,KOSDAQ,4,4,0,0,0,4,0
2354,348350,2026,KOSDAQ,4,4,0,0,0,4,0
2355,348370,2026,KOSDAQ,4,4,0,0,0,4,0
2358,351320,2026,KOSDAQ,4,4,0,0,0,4,0
2359,351330,2026,KOSDAQ,4,4,0,0,0,4,0
2360,351870,2026,KOSDAQ,4,4,0,0,0,4,0
2361,352090,2026,KOSDAQ,4,4,0,0,0,4,0
2362,352480,2026,KOSDAQ,4,4,0,0,0,4,0
2363,352700,2026,KOSDAQ,4,4,0,0,0,4,0
2364,352770,2026,KOSDAQ,4,4,4,0,0,0,0
2365,352820,2026,KOSPI,4,4,0,0,0,4,0
2366,352910,2026,KOSDAQ,4,4,0,0,0,4,0
2367,352940,2026,KOSDAQ,4,4,0,0,0,4,0
2368,353190,2026,KOSDAQ,4,4,0,0,0,4,0
2369,353200,2026,KOSPI,4,4,0,0,0,4,0
2371,353590,2026,KOSDAQ,4,4,0,0,0,4,0
2372,353810,2026,KOSDAQ,4,4,0,0,0,4,0
2373,354200,2026,KOSDAQ,4,4,0,0,0,4,0
2374,354320,2026,KOSDAQ,4,4,0,0,0,4,0
2375,355150,2026,KOSDAQ,4,4,0,0,0,4,0
2376,355390,2026,KOSDAQ,4,4,0,0,0,4,0
2377,355690,2026,KOSDAQ,4,4,0,0,0,4,0
2378,356680,2026,KOSDAQ,4,4,0,0,0,4,0
2379,356860,2026,KOSDAQ,4,4,0,0,0,4,0
2380,356890,2026,KOSDAQ,4,4,0,0,0,4,0
2382,357230,2026,KOSDAQ,4,4,0,0,0,4,0
2385,357550,2026,KOSDAQ,4,4,0,0,0,4,0
2386,357580,2026,KOSDAQ,4,4,0,0,0,4,0
2387,357780,2026,KOSDAQ,4,4,0,0,0,4,0
2388,357880,2026,KOSDAQ,4,4,0,0,0,4,0
2389,358570,2026,KOSDAQ,4,4,0,0,0,4,0
2390,359090,2026,KOSDAQ,4,4,0,0,0,4,0
2391,360070,2026,KOSDAQ,4,4,0,0,0,4,0
2392,360350,2026,KOSDAQ,4,4,0,0,0,4,0
2393,361390,2026,KOSDAQ,4,4,0,0,0,4,0
2394,361570,2026,KOSDAQ,4,4,0,0,0,4,0
2395,361610,2026,KOSPI,4,4,0,0,0,4,0
2396,361670,2026,KOSDAQ,4,4,0,0,0,4,0
2397,362320,2026,KOSDAQ,4,4,0,0,0,4,0
2398,362990,2026,KOSDAQ,4,4,0,0,0,4,0
2399,363250,2026,KOSDAQ,4,4,0,0,0,4,0
2400,363260,2026,KOSDAQ,4,4,0,0,0,4,0
2401,363280,2026,KOSPI,4,4,0,0,0,4,0
2403,364950,2026,KOSDAQ,4,4,0,0,0,4,0
2404,365270,2026,KOSDAQ,4,4,0,0,0,4,0
2405,365330,2026,KOSDAQ,4,4,0,0,0,4,0
2406,365340,2026,KOSDAQ,4,4,0,0,0,4,0
2408,365590,2026,KOSDAQ,4,4,4,0,0,0,0
2409,365660,2026,KOSDAQ,4,4,0,0,0,4,0
2410,365900,2026,KOSDAQ,4,4,0,0,0,4,0
2411,366030,2026,KOSDAQ,4,4,0,0,0,4,0
2412,367000,2026,KOSDAQ,4,4,0,0,0,4,0
2413,368600,2026,KOSDAQ,4,4,0,0,0,4,0
2414,368770,2026,KOSDAQ,4,4,0,0,0,4,0
2415,368970,2026,KOSDAQ,4,4,0,0,0,4,0
2416,369370,2026,KOSDAQ,4,4,0,0,0,4,0
2417,370090,2026,KOSDAQ,4,4,0,0,0,4,0
2418,371950,2026,KOSDAQ,4,4,0,0,0,4,0
2419,372170,2026,KOSDAQ,4,4,0,0,0,4,0
2420,372320,2026,KOSDAQ,4,4,0,0,0,4,0
2421,372800,2026,KOSDAQ,4,4,0,0,0,4,0
2422,372910,2026,KOSPI,4,4,0,0,0,4,0
2423,373110,2026,KOSDAQ,4,4,0,0,0,4,0
2424,373160,2026,KOSDAQ,4,4,0,0,0,4,0
2425,373170,2026,KOSDAQ,4,4,0,0,0,4,0
2426,373200,2026,KOSDAQ,4,4,0,0,0,4,0
2427,373220,2026,KOSPI,4,4,0,0,0,4,0
2428,375500,2026,KOSPI,4,4,0,0,0,4,0
2431,376180,2026,KOSDAQ,4,4,0,0,0,4,0
2432,376270,2026,KOSDAQ,4,4,0,0,0,4,0
2433,376290,2026,KOSDAQ,4,4,0,0,0,4,0
2434,376300,2026,KOSDAQ,4,4,0,0,0,4,0
2435,376900,2026,KOSDAQ,4,4,0,0,0,4,0
2436,376930,2026,KOSDAQ,4,4,0,0,0,4,0
2437,376980,2026,KOSDAQ,4,4,0,0,0,4,0
2438,377030,2026,KOSDAQ,4,4,0,0,0,4,0
2440,377220,2026,KOSDAQ,4,4,0,0,0,4,0
2441,377300,2026,KOSPI,4,4,0,0,0,4,0
2442,377330,2026,KOSDAQ,4,4,0,0,0,4,0
2443,377450,2026,KOSDAQ,4,4,0,0,0,4,0
2444,377460,2026,KOSDAQ,4,4,4,0,0,0,0
2445,377480,2026,KOSDAQ,4,4,0,0,0,4,0
2446,377740,2026,KOSPI,4,4,0,0,0,4,0
2447,378340,2026,KOSDAQ,4,4,0,0,0,4,0
2448,378800,2026,KOSDAQ,4,4,1,0,0,3,0
2449,378850,2026,KOSPI,4,4,0,0,0,4,0
2450,380540,2026,KOSDAQ,4,4,4,0,0,0,0
2451,380550,2026,KOSDAQ,4,4,0,0,0,4,0
2452,381620,2026,KOSDAQ,4,4,0,0,0,4,0
2453,381970,2026,KOSPI,4,4,0,0,0,4,0
2454,382150,2026,KOSDAQ,4,4,0,0,0,4,0
2455,382480,2026,KOSDAQ,4,4,0,0,0,4,0
2456,382800,2026,KOSDAQ,4,4,0,0,0,4,0
2457,382840,2026,KOSDAQ,4,4,0,0,0,4,0
2458,382900,2026,KOSDAQ,4,4,0,0,0,4,0
2459,383220,2026,KOSPI,4,4,0,0,0,4,0
2460,383310,2026,KOSDAQ,4,4,0,0,0,4,0
2461,383800,2026,KOSPI,4,4,0,0,0,4,0
2463,383930,2026,KOSDAQ,4,4,0,0,0,4,0
2464,384470,2026,KOSDAQ,4,4,0,0,0,4,0
2465,387570,2026,KOSDAQ,4,4,0,0,0,4,0
2466,387690,2026,KOSDAQ,4,4,0,0,0,4,0
2467,388050,2026,KOSDAQ,4,4,0,0,0,4,0
2468,388210,2026,KOSDAQ,4,4,0,0,0,4,0
2469,388610,2026,KOSDAQ,4,4,0,0,0,4,0
2470,388720,2026,KOSDAQ,4,4,0,0,0,4,0
2471,388790,2026,KOSDAQ,4,4,0,0,0,4,0
2472,388870,2026,KOSDAQ,4,4,0,0,0,4,0
2473,389020,2026,KOSDAQ,4,4,0,0,0,4,0
2474,389030,2026,KOSDAQ,4,4,0,0,0,4,0
2475,389140,2026,KOSDAQ,4,4,0,0,0,4,0
2476,389260,2026,KOSDAQ,4,4,0,0,0,4,0
2477,389470,2026,KOSDAQ,4,4,0,0,0,4,0
2478,389500,2026,KOSDAQ,4,4,0,0,0,4,0
2479,389650,2026,KOSDAQ,4,4,0,0,0,4,0
2480,389680,2026,KOSDAQ,4,4,0,0,0,4,0
2481,391710,2026,KOSDAQ,4,4,0,0,0,4,0
2482,393210,2026,KOSDAQ,4,4,0,0,0,4,0
2483,393890,2026,KOSDAQ,4,4,0,0,0,4,0
2484,393970,2026,KOSDAQ,4,4,4,0,0,0,0
2485,394280,2026,KOSDAQ,4,4,0,0,0,4,0
2486,394420,2026,KOSDAQ,4,4,0,0,0,4,0
2487,394800,2026,KOSDAQ,4,4,0,0,0,4,0
2489,396270,2026,KOSDAQ,4,4,0,0,0,4,0
2490,396300,2026,KOSDAQ,4,4,0,0,0,4,0
2491,396470,2026,KOSDAQ,4,4,0,0,0,4,0
2493,397030,2026,KOSDAQ,4,4,0,0,0,4,0
2494,397810,2026,KOSDAQ,4,4,0,0,0,4,0
2495,398120,2026,KOSDAQ,4,4,0,0,0,4,0
2496,399720,2026,KOSDAQ,4,4,0,0,0,4,0
2498,402030,2026,KOSDAQ,4,4,0,0,0,4,0
2499,402340,2026,KOSPI,4,4,0,0,0,4,0
2500,402490,2026,KOSDAQ,4,4,0,0,0,4,0
2501,403490,2026,KOSDAQ,4,4,0,0,0,4,0
2502,403550,2026,KOSPI,4,4,0,0,0,4,0
2503,403850,2026,KOSDAQ,4,4,0,0,0,4,0
2504,403870,2026,KOSDAQ,4,4,0,0,0,4,0
2506,405000,2026,KOSDAQ,4,4,0,0,0,4,0
2507,405100,2026,KOSDAQ,4,4,0,0,0,4,0
2508,405920,2026,KOSDAQ,4,4,0,0,0,4,0
2509,406820,2026,KOSDAQ,4,4,0,0,0,4,0
2510,407400,2026,KOSDAQ,4,4,0,0,0,4,0
2511,408470,2026,KOSDAQ,4,4,0,0,0,4,0
2512,408900,2026,KOSDAQ,4,4,0,0,0,4,0
2513,408920,2026,KOSDAQ,4,4,0,0,0,4,0
2514,411080,2026,KOSDAQ,4,4,0,0,0,4,0
2515,412350,2026,KOSDAQ,4,4,0,0,0,4,0
2516,412540,2026,KOSDAQ,4,4,4,0,0,0,0
2517,413390,2026,KOSDAQ,4,4,0,0,0,4,0
2518,413630,2026,KOSDAQ,4,4,0,0,0,4,0
2519,413640,2026,KOSDAQ,4,4,0,0,0,4,0
2520,415380,2026,KOSDAQ,4,4,0,0,0,4,0
2522,416180,2026,KOSDAQ,4,4,0,0,0,4,0
2523,417010,2026,KOSDAQ,4,4,0,0,0,4,0
2524,417180,2026,KOSDAQ,4,4,0,0,0,4,0
2525,417200,2026,KOSDAQ,4,4,0,0,0,4,0
2527,417500,2026,KOSDAQ,4,4,0,0,0,4,0
2528,417790,2026,KOSDAQ,4,4,0,0,0,4,0
2529,417840,2026,KOSDAQ,4,4,0,0,0,4,0
2530,417860,2026,KOSDAQ,4,4,0,0,0,4,0
2531,417970,2026,KOSDAQ,4,4,0,0,0,4,0
2532,418250,2026,KOSDAQ,4,4,4,0,0,0,0
2533,418420,2026,KOSDAQ,4,4,0,0,0,4,0
2534,418470,2026,KOSDAQ,4,4,0,0,0,4,0
2535,418550,2026,KOSDAQ,4,4,0,0,0,4,0
2536,418620,2026,KOSDAQ,4,4,0,0,0,4,0
2537,419050,2026,KOSDAQ,4,4,0,0,0,4,0
2538,419080,2026,KOSDAQ,4,4,0,0,0,4,0
2539,419120,2026,KOSDAQ,4,4,0,0,0,4,0
2540,419530,2026,KOSDAQ,4,4,0,0,0,4,0
2541,419540,2026,KOSDAQ,4,4,0,0,0,4,0
2542,420570,2026,KOSDAQ,4,4,0,0,0,4,0
2543,420770,2026,KOSDAQ,4,4,0,0,0,4,0
2544,424760,2026,KOSDAQ,4,4,0,0,0,4,0
2545,424870,2026,KOSDAQ,4,4,0,0,0,4,0
2546,424960,2026,KOSDAQ,4,4,0,0,0,4,0
2547,424980,2026,KOSDAQ,4,4,0,0,0,4,0
2548,425040,2026,KOSDAQ,4,4,0,0,0,4,0
2549,425420,2026,KOSDAQ,4,4,0,0,0,4,0
2550,429270,2026,KOSDAQ,4,4,0,0,0,4,0
2551,430690,2026,KOSDAQ,4,4,0,0,0,4,0
2552,431190,2026,KOSDAQ,4,4,0,0,0,4,0
2554,432430,2026,KOSDAQ,4,4,0,0,0,4,0
2555,432470,2026,KOSDAQ,4,4,0,0,0,4,0
2556,432720,2026,KOSDAQ,4,4,0,0,0,4,0
2557,432980,2026,KOSDAQ,4,4,0,0,0,4,0
2558,434480,2026,KOSDAQ,4,4,0,0,0,4,0
2559,435570,2026,KOSDAQ,4,4,0,0,0,4,0
2560,437730,2026,KOSDAQ,4,4,0,0,0,4,0
2561,438700,2026,KOSDAQ,4,4,0,0,0,4,0
2562,439090,2026,KOSDAQ,4,4,0,0,0,4,0
2563,439260,2026,KOSPI,4,4,0,0,0,4,0
2564,439580,2026,KOSDAQ,4,4,0,0,0,4,0
2565,439960,2026,KOSDAQ,4,4,0,0,0,4,0
2566,440110,2026,KOSDAQ,4,4,0,0,0,4,0
2567,440290,2026,KOSDAQ,4,4,0,0,0,4,0
2568,440320,2026,KOSDAQ,4,4,0,0,0,4,0
2569,441270,2026,KOSDAQ,4,4,0,0,0,4,0
2570,443060,2026,KOSPI,4,4,0,0,0,4,0
2571,443250,2026,KOSDAQ,4,4,0,0,0,4,0
2572,443670,2026,KOSDAQ,4,4,0,0,0,4,0
2573,444530,2026,KOSDAQ,4,4,0,0,0,4,0
2574,445090,2026,KOSDAQ,4,4,0,0,0,4,0
2575,445180,2026,KOSDAQ,4,4,0,0,0,4,0
2576,445680,2026,KOSDAQ,4,4,0,0,0,4,0
2577,446070,2026,KOSPI,4,4,0,0,0,4,0
2578,446540,2026,KOSDAQ,4,4,0,0,0,4,0
2579,446840,2026,KOSDAQ,4,4,0,0,0,4,0
2580,448280,2026,KOSDAQ,4,4,0,0,0,4,0
2581,448710,2026,KOSDAQ,4,4,0,0,0,4,0
2583,448900,2026,KOSDAQ,4,4,0,0,0,4,0
2584,450080,2026,KOSPI,4,4,0,0,0,4,0
2585,450330,2026,KOSDAQ,4,4,0,0,0,4,0
2586,450520,2026,KOSDAQ,4,4,0,0,0,4,0
2587,450950,2026,KOSDAQ,4,4,0,0,0,4,0
2588,451220,2026,KOSDAQ,4,4,0,0,0,4,0
2589,451250,2026,KOSDAQ,4,4,0,0,0,4,0
2590,451760,2026,KOSDAQ,4,4,0,0,0,4,0
2592,452160,2026,KOSDAQ,4,4,0,0,0,4,0
2593,452190,2026,KOSDAQ,4,4,0,0,0,4,0
2594,452200,2026,KOSDAQ,4,4,0,0,0,4,0
2595,452260,2026,KOSPI,4,4,0,0,0,4,0
2597,452280,2026,KOSDAQ,4,4,0,0,0,4,0
2598,452300,2026,KOSDAQ,4,4,0,0,0,4,0
2599,452400,2026,KOSDAQ,4,4,0,0,0,4,0
2600,452430,2026,KOSDAQ,4,4,0,0,0,4,0
2601,452450,2026,KOSDAQ,4,4,0,0,0,4,0
2602,453340,2026,KOSPI,4,4,0,0,0,4,0
2603,453450,2026,KOSDAQ,4,4,0,0,0,4,0
2604,453860,2026,KOSDAQ,4,4,0,0,0,4,0
2605,454910,2026,KOSPI,4,4,0,0,0,4,0
2606,455180,2026,KOSDAQ,4,4,0,0,0,4,0
2607,455900,2026,KOSDAQ,4,4,0,0,0,4,0
2608,456010,2026,KOSDAQ,4,4,0,0,0,4,0
2609,456040,2026,KOSPI,4,4,0,0,0,4,0
2610,456070,2026,KOSDAQ,4,4,0,0,0,4,0
2611,456160,2026,KOSDAQ,4,4,0,0,0,4,0
2612,457190,2026,KOSPI,4,4,0,0,0,4,0
2613,457370,2026,KOSDAQ,4,4,0,0,0,4,0
2614,457550,2026,KOSDAQ,4,4,0,0,0,4,0
2615,457600,2026,KOSDAQ,4,4,0,0,0,4,0
2616,458350,2026,KOSDAQ,4,4,0,0,0,4,0
2617,458650,2026,KOSDAQ,4,4,0,0,0,4,0
2618,458870,2026,KOSDAQ,4,4,0,0,0,4,0
2619,459100,2026,KOSDAQ,4,4,0,0,0,4,0
2620,459510,2026,KOSDAQ,4,4,0,0,0,4,0
2621,459550,2026,KOSDAQ,4,4,0,0,0,4,0
2622,460470,2026,KOSDAQ,4,4,0,0,0,4,0
2623,460850,2026,KOSPI,4,4,0,0,0,4,0
2624,460860,2026,KOSPI,4,4,0,0,0,4,0
2625,460870,2026,KOSDAQ,4,4,0,0,0,4,0
2626,460930,2026,KOSDAQ,4,4,0,0,0,4,0
2627,460940,2026,KOSDAQ,4,4,0,0,0,4,0
2628,461030,2026,KOSDAQ,4,4,0,0,0,4,0
2629,461300,2026,KOSDAQ,4,4,0,0,0,4,0
2630,462310,2026,KOSDAQ,4,4,0,0,0,4,0
2631,462350,2026,KOSDAQ,4,4,0,0,0,4,0
2632,462510,2026,KOSDAQ,4,4,0,0,0,4,0
2633,462520,2026,KOSPI,4,4,0,0,0,4,0
2634,462860,2026,KOSDAQ,4,4,0,0,0,4,0
2635,462870,2026,KOSPI,4,4,0,0,0,4,0
2636,462980,2026,KOSDAQ,4,4,0,0,0,4,0
2637,463020,2026,KOSDAQ,4,4,0,0,0,4,0
2638,463480,2026,KOSDAQ,4,4,0,0,0,4,0
2639,464080,2026,KOSDAQ,4,4,0,0,0,4,0
2640,464280,2026,KOSDAQ,4,4,0,0,0,4,0
2641,464490,2026,KOSDAQ,4,4,0,0,0,4,0
2642,464500,2026,KOSDAQ,4,4,0,0,0,4,0
2643,464580,2026,KOSDAQ,4,4,0,0,0,4,0
2644,465320,2026,KOSDAQ,4,4,2,0,0,2,0
2645,465480,2026,KOSDAQ,4,4,0,0,0,4,0
2646,465770,2026,KOSPI,4,4,0,0,0,4,0
2647,466100,2026,KOSDAQ,4,4,0,0,0,4,0
2648,466410,2026,KOSDAQ,4,4,0,0,0,4,0
2649,466690,2026,KOSDAQ,4,4,0,0,0,4,0
2650,468530,2026,KOSDAQ,4,4,0,0,0,4,0
2651,468760,2026,KOSDAQ,4,4,4,0,0,0,0
2652,469480,2026,KOSDAQ,4,4,4,0,0,0,0
2653,469610,2026,KOSDAQ,4,4,0,0,0,4,0
2654,469750,2026,KOSDAQ,4,4,0,0,0,4,0
2655,469900,2026,KOSDAQ,4,4,0,0,0,4,0
2657,471820,2026,KOSDAQ,4,4,0,0,0,4,0
2658,472220,2026,KOSDAQ,4,4,4,0,0,0,0
2659,472230,2026,KOSDAQ,4,4,0,0,0,4,0
2660,472850,2026,KOSDAQ,4,4,0,0,0,4,0
2661,473000,2026,KOSDAQ,4,4,0,0,0,4,0
2662,473050,2026,KOSDAQ,4,4,0,0,0,4,0
2663,473950,2026,KOSDAQ,4,4,0,0,0,4,0
2664,473980,2026,KOSDAQ,4,4,0,0,0,4,0
2665,474170,2026,KOSDAQ,4,4,0,0,0,4,0
2666,474490,2026,KOSDAQ,4,4,0,0,0,4,0
2667,474610,2026,KOSDAQ,4,4,0,0,0,4,0
2668,474650,2026,KOSDAQ,4,4,0,0,0,4,0
2669,474660,2026,KOSDAQ,4,4,0,0,0,4,0
2670,474930,2026,KOSDAQ,4,4,0,0,0,4,0
2671,475040,2026,KOSDAQ,4,4,0,0,0,4,0
2672,475150,2026,KOSPI,4,4,0,0,0,4,0
2673,475230,2026,KOSDAQ,4,4,0,0,0,4,0
2674,475240,2026,KOSDAQ,4,4,0,0,0,4,0
2675,475250,2026,KOSDAQ,4,4,0,0,0,4,0
2676,475400,2026,KOSDAQ,4,4,0,0,0,4,0
2677,475430,2026,KOSDAQ,4,4,0,0,0,4,0
2678,475460,2026,KOSDAQ,4,4,0,0,0,4,0
2679,475560,2026,KOSPI,4,4,0,0,0,4,0
2680,475580,2026,KOSDAQ,4,4,0,0,0,4,0
2681,475660,2026,KOSDAQ,4,4,0,0,0,4,0
2682,475830,2026,KOSDAQ,4,4,0,0,0,4,0
2683,475960,2026,KOSDAQ,4,4,0,0,0,4,0
2684,476040,2026,KOSDAQ,4,4,0,0,0,4,0
2685,476060,2026,KOSDAQ,4,4,0,0,0,4,0
2686,476080,2026,KOSDAQ,4,4,0,0,0,4,0
2687,476830,2026,KOSDAQ,4,4,0,0,0,4,0
2688,477340,2026,KOSDAQ,4,4,0,0,0,4,0
2689,477380,2026,KOSDAQ,4,4,0,0,0,4,0
2690,477470,2026,KOSDAQ,4,4,0,0,0,4,0
2691,477760,2026,KOSDAQ,4,4,0,0,0,4,0
2692,477850,2026,KOSDAQ,4,4,0,0,0,4,0
2693,478110,2026,KOSDAQ,4,4,0,0,0,4,0
2694,478340,2026,KOSDAQ,4,4,0,0,0,4,0
2695,478390,2026,KOSDAQ,4,4,0,0,0,4,0
2696,478440,2026,KOSDAQ,4,4,0,0,0,4,0
2697,478560,2026,KOSDAQ,4,4,0,0,0,4,0
2698,479880,2026,KOSDAQ,4,4,0,0,0,4,0
2699,479960,2026,KOSDAQ,4,4,0,0,0,4,0
2700,480370,2026,KOSPI,4,4,0,0,0,4,0
2701,481070,2026,KOSDAQ,4,4,0,0,0,4,0
2703,481890,2026,KOSDAQ,4,4,0,0,0,4,0
2704,482520,2026,KOSDAQ,4,4,0,0,0,4,0
2705,482630,2026,KOSDAQ,4,4,0,0,0,4,0
2706,482680,2026,KOSDAQ,4,4,4,0,0,0,0
2707,482690,2026,KOSDAQ,4,4,0,0,0,4,0
2708,483350,2026,KOSDAQ,4,4,0,0,0,4,0
2709,483650,2026,KOSPI,4,4,0,0,0,4,0
2710,484120,2026,KOSDAQ,4,4,0,0,0,4,0
2711,484130,2026,KOSDAQ,4,4,0,0,0,4,0
2712,484590,2026,KOSDAQ,4,4,0,0,0,4,0
2713,484810,2026,KOSDAQ,4,4,0,0,0,4,0
2714,484870,2026,KOSPI,4,4,0,0,0,4,0
2715,486630,2026,KOSDAQ,4,4,0,0,0,4,0
2716,486990,2026,KOSDAQ,4,4,0,0,0,4,0
2717,487360,2026,KOSDAQ,4,4,0,0,0,4,0
2718,487400,2026,KOSDAQ,4,4,0,0,0,4,0
2719,487570,2026,KOSPI,4,4,0,0,0,4,0
2720,487580,2026,KOSDAQ,4,4,0,0,0,4,0
2721,487720,2026,KOSDAQ,4,4,0,0,0,4,0
2722,487830,2026,KOSDAQ,4,4,0,0,0,4,0
2723,488060,2026,KOSDAQ,4,4,0,0,0,4,0
2724,488280,2026,KOSDAQ,4,4,0,0,0,4,0
2725,488900,2026,KOSDAQ,4,4,0,0,0,4,0
2726,489210,2026,KOSDAQ,4,4,0,0,0,4,0
2727,489460,2026,KOSDAQ,4,4,0,0,0,4,0
2728,489480,2026,KOSDAQ,4,4,0,0,0,4,0
2729,489500,2026,KOSDAQ,4,4,0,0,0,4,0
2730,489730,2026,KOSDAQ,4,4,0,0,0,4,0
2731,489790,2026,KOSPI,4,4,0,0,0,4,0
2732,490470,2026,KOSDAQ,4,4,0,0,0,4,0
2733,491000,2026,KOSDAQ,4,4,0,0,0,4,0
2734,492220,2026,KOSDAQ,4,4,0,0,0,4,0
2735,493280,2026,KOSDAQ,4,4,0,0,0,4,0
2736,493330,2026,KOSDAQ,4,4,0,0,0,4,0
2737,493790,2026,KOSDAQ,4,4,0,0,0,4,0
2738,494120,2026,KOSDAQ,4,4,0,0,0,4,0
2739,496070,2026,KOSDAQ,4,4,0,0,0,4,0
2740,498390,2026,KOSDAQ,4,4,4,0,0,0,0
2741,499790,2026,KOSPI,4,4,0,0,0,4,0
2764,282620,2026,KOSDAQ,4,4,0,0,0,4,0
2765,417030,2026,KOSDAQ,4,4,0,0,0,4,0
2766,0155E0,2026,KOSDAQ,4,4,0,0,0,4,0
2767,0220W0,2026,KOSPI,4,4,3,0,0,1,0
2904,004510,2026,KOSDAQ,4,0,0,4,0,0,0
3004,007800,2026,KOSDAQ,4,0,0,4,0,0,0
3089,010600,2026,KOSDAQ,4,0,0,4,0,0,0
3157,013200,2026,KOSDAQ,4,0,0,4,0,0,0
3160,013240,2026,KOSDAQ,4,0,0,4,0,0,0
3162,013250,2026,KOSDAQ,4,0,0,4,0,0,0
3173,013781,2026,KOSDAQ,4,0,0,4,0,0,0
3196,014590,2026,KOSDAQ,4,0,0,4,0,0,0
3240,016560,2026,KOSDAQ,4,0,0,4,0,0,0
3280,018570,2026,KOSDAQ,4,0,0,4,0,0,0
3282,018590,2026,KOSDAQ,4,0,0,4,0,0,0
3300,019641,2026,KOSDAQ,4,0,0,4,0,0,0
3304,019930,2026,KOSDAQ,4,0,0,4,0,0,0
3306,019931,2026,KOSDAQ,4,0,0,4,0,0,0
3312,021060,2026,KOSDAQ,4,0,0,4,0,0,0
3313,021060,2026,KOSDAQ,4,0,0,4,0,0,0
3318,021310,2026,KOSDAQ,4,0,0,4,0,0,0
3322,021600,2026,KOSDAQ,4,0,0,4,0,0,0
3324,021610,2026,KOSDAQ,4,0,0,4,0,0,0
3330,021960,2026,KOSDAQ,4,0,0,4,0,0,0
3336,022520,2026,KOSDAQ,4,0,0,4,0,0,0
3342,023420,2026,KOSDAQ,4,0,0,4,0,0,0
3361,024100,2026,KOSDAQ,4,0,0,4,0,0,0
3369,024870,2026,KOSDAQ,4,0,0,4,0,0,0
3397,025930,2026,KOSDAQ,4,0,0,4,0,0,0
3433,027840,2026,KOSDAQ,4,0,0,4,0,0,0
3453,029471,2026,KOSDAQ,4,0,0,4,0,0,0
3461,030421,2026,KOSDAQ,4,0,0,4,0,0,0
3469,030790,2026,KOSDAQ,4,0,0,4,0,0,0
3475,031440,2026,KOSDAQ,4,0,0,4,0,0,0
3490,032390,2026,KOSDAQ,4,0,0,4,0,0,0
3493,032421,2026,KOSDAQ,4,0,0,4,0,0,0
3497,032611,2026,KOSDAQ,4,0,0,4,0,0,0
3498,032612,2026,KOSDAQ,4,0,0,4,0,0,0
3511,033180,2026,KOSDAQ,4,0,0,4,0,0,0
3528,034300,2026,KOSDAQ,4,0,0,4,0,0,0
