instrument_id,code,reason
2769,000010,delisted_by_selection_date
2770,000030,delisted_by_selection_date
2771,000060,delisted_by_selection_date
2772,000090,delisted_by_selection_date
2773,000110,delisted_by_selection_date
2774,000130,delisted_by_selection_date
2775,000160,delisted_by_selection_date
2776,000170,delisted_by_selection_date
2777,000200,delisted_by_selection_date
2778,000280,delisted_by_selection_date
2779,000310,delisted_by_selection_date
2780,000330,delisted_by_selection_date
2781,000360,delisted_by_selection_date
2782,000380,delisted_by_selection_date
2783,000420,delisted_by_selection_date
2784,000450,delisted_by_selection_date
2785,000470,delisted_by_selection_date
2786,000510,delisted_by_selection_date
2787,000530,delisted_by_selection_date
2788,000550,delisted_by_selection_date
2789,000570,delisted_by_selection_date
2790,000610,delisted_by_selection_date
2791,000730,delisted_by_selection_date
2792,000790,delisted_by_selection_date
2793,000800,delisted_by_selection_date
2794,000830,delisted_by_selection_date
2795,000840,delisted_by_selection_date
2796,000870,delisted_by_selection_date
2797,000900,delisted_by_selection_date
2798,000930,delisted_by_selection_date
2799,000980,delisted_by_selection_date
2800,001030,delisted_by_selection_date
2801,001090,delisted_by_selection_date
2802,001110,delisted_by_selection_date
2803,001140,delisted_by_selection_date
2804,001150,delisted_by_selection_date
2805,001160,delisted_by_selection_date
2806,001170,delisted_by_selection_date
2807,001190,delisted_by_selection_date
2808,001280,delisted_by_selection_date
2809,001300,delisted_by_selection_date
2810,001310,delisted_by_selection_date
2811,001350,delisted_by_selection_date
2812,001370,delisted_by_selection_date
2813,001400,delisted_by_selection_date
2814,001490,delisted_by_selection_date
2815,001580,delisted_by_selection_date
2816,001590,delisted_by_selection_date
2817,001600,delisted_by_selection_date
2818,001610,delisted_by_selection_date
2819,001670,delisted_by_selection_date
2820,001690,delisted_by_selection_date
2821,001700,delisted_by_selection_date
2822,001830,delisted_by_selection_date
2823,001850,delisted_by_selection_date
2824,001880,delisted_by_selection_date
2825,001890,delisted_by_selection_date
2826,001920,delisted_by_selection_date
2827,001930,delisted_by_selection_date
2828,001950,delisted_by_selection_date
2829,001970,delisted_by_selection_date
2830,001980,delisted_by_selection_date
2831,002000,delisted_by_selection_date
2832,002010,delisted_by_selection_date
2833,002050,delisted_by_selection_date
2834,002080,delisted_by_selection_date
2835,002130,delisted_by_selection_date
2836,002180,delisted_by_selection_date
2837,002190,delisted_by_selection_date
2838,002250,delisted_by_selection_date
2839,002270,delisted_by_selection_date
2840,002300,delisted_by_selection_date
2841,002340,delisted_by_selection_date
2842,002440,delisted_by_selection_date
2843,002470,delisted_by_selection_date
2844,002480,delisted_by_selection_date
2845,002530,delisted_by_selection_date
2846,002540,delisted_by_selection_date
2847,002550,delisted_by_selection_date
2848,002580,delisted_by_selection_date
2849,002610,delisted_by_selection_date
2850,002670,delisted_by_selection_date
2851,002730,delisted_by_selection_date
2852,002740,delisted_by_selection_date
2853,002830,delisted_by_selection_date
2854,002850,delisted_by_selection_date
2855,002860,delisted_by_selection_date
2856,002910,delisted_by_selection_date
2857,002930,delisted_by_selection_date
2858,002940,delisted_by_selection_date
2859,002950,delisted_by_selection_date
2860,003020,delisted_by_selection_date
2861,003040,delisted_by_selection_date
2862,003050,delisted_by_selection_date
2863,003110,delisted_by_selection_date
2864,003190,delisted_by_selection_date
2865,003260,delisted_by_selection_date
2866,003290,delisted_by_selection_date
2867,003320,delisted_by_selection_date
2868,003330,delisted_by_selection_date
2869,003410,delisted_by_selection_date
2870,003430,delisted_by_selection_date
2871,003450,delisted_by_selection_date
2872,003500,delisted_by_selection_date
2873,003560,delisted_by_selection_date
2874,003590,delisted_by_selection_date
2875,003600,delisted_by_selection_date
2876,003640,delisted_by_selection_date
2877,003660,delisted_by_selection_date
2878,003700,delisted_by_selection_date
2879,003810,delisted_by_selection_date
2880,003840,delisted_by_selection_date
2881,003890,delisted_by_selection_date
2882,003900,delisted_by_selection_date
2883,003930,delisted_by_selection_date
2884,003940,delisted_by_selection_date
2885,003970,delisted_by_selection_date
2886,003980,delisted_by_selection_date
2887,003990,delisted_by_selection_date
2888,004010,delisted_by_selection_date
2889,004110,delisted_by_selection_date
2890,004130,delisted_by_selection_date
2891,004190,delisted_by_selection_date
2892,004200,delisted_by_selection_date
2893,004210,delisted_by_selection_date
2894,004230,delisted_by_selection_date
2895,004260,delisted_by_selection_date
2896,004280,delisted_by_selection_date
2897,004290,delisted_by_selection_date
2898,004320,delisted_by_selection_date
2899,004321,delisted_by_selection_date
2900,004390,delisted_by_selection_date
2901,004420,delisted_by_selection_date
2902,004460,delisted_by_selection_date
2903,004480,delisted_by_selection_date
2905,004510,delisted_by_selection_date
2906,004530,delisted_by_selection_date
2907,004550,delisted_by_selection_date
2908,004600,delisted_by_selection_date
2909,004620,delisted_by_selection_date
2910,004660,delisted_by_selection_date
2911,004730,delisted_by_selection_date
2912,004740,delisted_by_selection_date
2913,004750,delisted_by_selection_date
2914,004790,delisted_by_selection_date
2915,004820,delisted_by_selection_date
2916,004940,delisted_by_selection_date
2917,005000,delisted_by_selection_date
2918,005020,delisted_by_selection_date
2919,005040,delisted_by_selection_date
2920,005060,delisted_by_selection_date
2921,005100,delisted_by_selection_date
2922,005190,delisted_by_selection_date
2923,005270,delisted_by_selection_date
2924,005280,delisted_by_selection_date
2925,005321,delisted_by_selection_date
2926,005330,delisted_by_selection_date
2927,005350,delisted_by_selection_date
2928,005370,delisted_by_selection_date
2929,005371,delisted_by_selection_date
2930,005390,delisted_by_selection_date
2931,005410,delisted_by_selection_date
2932,005450,delisted_by_selection_date
2933,005470,delisted_by_selection_date
2934,005510,delisted_by_selection_date
2935,005560,delisted_by_selection_date
2936,005580,delisted_by_selection_date
2937,005600,delisted_by_selection_date
2938,005620,delisted_by_selection_date
2939,005650,delisted_by_selection_date
2940,005660,delisted_by_selection_date
2941,005671,delisted_by_selection_date
2942,005672,delisted_by_selection_date
2943,005760,delisted_by_selection_date
2944,005770,delisted_by_selection_date
2945,005790,delisted_by_selection_date
2946,005890,delisted_by_selection_date
2947,005900,delisted_by_selection_date
2948,005980,delisted_by_selection_date
2949,006000,delisted_by_selection_date
2950,006070,delisted_by_selection_date
2951,006150,delisted_by_selection_date
2952,006160,delisted_by_selection_date
2953,006210,delisted_by_selection_date
2954,006240,delisted_by_selection_date
2955,006250,delisted_by_selection_date
2956,006290,delisted_by_selection_date
2957,006300,delisted_by_selection_date
2958,006301,delisted_by_selection_date
2959,006302,delisted_by_selection_date
2960,006320,delisted_by_selection_date
2961,006350,delisted_by_selection_date
2962,006390,delisted_by_selection_date
2963,006440,delisted_by_selection_date
2964,006510,delisted_by_selection_date
2965,006520,delisted_by_selection_date
2966,006540,delisted_by_selection_date
2967,006580,delisted_by_selection_date
2968,006590,delisted_by_selection_date
2969,006600,delisted_by_selection_date
2970,006610,delisted_by_selection_date
2971,006750,delisted_by_selection_date
2972,006790,delisted_by_selection_date
2973,006860,delisted_by_selection_date
2974,006900,delisted_by_selection_date
2975,006911,delisted_by_selection_date
2976,006921,delisted_by_selection_date
2977,007000,delisted_by_selection_date
2978,007022,delisted_by_selection_date
2979,007050,delisted_by_selection_date
2980,007091,delisted_by_selection_date
2981,007100,delisted_by_selection_date
2982,007121,delisted_by_selection_date
2983,007140,delisted_by_selection_date
2984,007150,delisted_by_selection_date
2985,007170,delisted_by_selection_date
2986,007190,delisted_by_selection_date
2987,007200,delisted_by_selection_date
2988,007230,delisted_by_selection_date
2989,007240,delisted_by_selection_date
2990,007260,delisted_by_selection_date
2991,007360,delisted_by_selection_date
2992,007380,delisted_by_selection_date
2993,007410,delisted_by_selection_date
2994,007420,delisted_by_selection_date
2995,007480,delisted_by_selection_date
2996,007490,delisted_by_selection_date
2997,007531,delisted_by_selection_date
2998,007560,delisted_by_selection_date
2999,007630,delisted_by_selection_date
3000,007640,delisted_by_selection_date
3001,007641,delisted_by_selection_date
3002,007721,delisted_by_selection_date
3003,007790,delisted_by_selection_date
3005,007800,delisted_by_selection_date
3006,007801,delisted_by_selection_date
3007,007840,delisted_by_selection_date
3008,007850,delisted_by_selection_date
3009,007910,delisted_by_selection_date
3010,007930,delisted_by_selection_date
3011,007990,delisted_by_selection_date
3012,008000,delisted_by_selection_date
3013,008010,delisted_by_selection_date
3014,008020,delisted_by_selection_date
3015,008030,delisted_by_selection_date
3016,008050,delisted_by_selection_date
3017,008051,delisted_by_selection_date
3018,008080,delisted_by_selection_date
3019,008100,delisted_by_selection_date
3020,008110,delisted_by_selection_date
3021,008120,delisted_by_selection_date
3022,008160,delisted_by_selection_date
3023,008170,delisted_by_selection_date
3024,008190,delisted_by_selection_date
3025,008270,delisted_by_selection_date
3026,008320,delisted_by_selection_date
3027,008340,delisted_by_selection_date
3028,008400,delisted_by_selection_date
3029,008410,delisted_by_selection_date
3030,008440,delisted_by_selection_date
3031,008480,delisted_by_selection_date
3032,008500,delisted_by_selection_date
3033,008530,delisted_by_selection_date
3034,008540,delisted_by_selection_date
3035,008560,delisted_by_selection_date
3036,008580,delisted_by_selection_date
3037,008640,delisted_by_selection_date
3038,008650,delisted_by_selection_date
3039,008670,delisted_by_selection_date
3040,008690,delisted_by_selection_date
3041,008720,delisted_by_selection_date
3042,008750,delisted_by_selection_date
3043,008800,delisted_by_selection_date
3044,008810,delisted_by_selection_date
3045,008860,delisted_by_selection_date
3046,008890,delisted_by_selection_date
3047,008900,delisted_by_selection_date
3048,008920,delisted_by_selection_date
3049,008921,delisted_by_selection_date
3050,008950,delisted_by_selection_date
3051,008960,delisted_by_selection_date
3052,008980,delisted_by_selection_date
3053,008990,delisted_by_selection_date
3054,009011,delisted_by_selection_date
3055,009030,delisted_by_selection_date
3056,009050,delisted_by_selection_date
3057,009080,delisted_by_selection_date
3058,009220,delisted_by_selection_date
3059,009221,delisted_by_selection_date
3060,009280,delisted_by_selection_date
3061,009330,delisted_by_selection_date
3062,009360,delisted_by_selection_date
3063,009380,delisted_by_selection_date
3064,009590,delisted_by_selection_date
3065,009650,delisted_by_selection_date
3066,009690,delisted_by_selection_date
3067,009720,delisted_by_selection_date
3068,009731,delisted_by_selection_date
3069,009760,delisted_by_selection_date
3070,009790,delisted_by_selection_date
3071,009840,delisted_by_selection_date
3072,009890,delisted_by_selection_date
3073,009940,delisted_by_selection_date
3074,009990,delisted_by_selection_date
3075,010000,delisted_by_selection_date
3076,010030,delisted_by_selection_date
3077,010050,delisted_by_selection_date
3078,010090,delisted_by_selection_date
3079,010110,delisted_by_selection_date
3080,010150,delisted_by_selection_date
3081,010200,delisted_by_selection_date
3082,010220,delisted_by_selection_date
3083,010330,delisted_by_selection_date
3084,010420,delisted_by_selection_date
3085,010460,delisted_by_selection_date
3086,010510,delisted_by_selection_date
3087,010520,delisted_by_selection_date
3088,010530,delisted_by_selection_date
3090,010600,delisted_by_selection_date
3091,010602,delisted_by_selection_date
3092,010620,delisted_by_selection_date
3093,010670,delisted_by_selection_date
3094,010730,delisted_by_selection_date
3095,010810,delisted_by_selection_date
3096,010910,delisted_by_selection_date
3097,010920,delisted_by_selection_date
3098,010970,delisted_by_selection_date
3099,011020,delisted_by_selection_date
3100,011050,delisted_by_selection_date
3101,011160,delisted_by_selection_date
3102,011180,delisted_by_selection_date
3103,011260,delisted_by_selection_date
3104,011290,delisted_by_selection_date
3105,011321,delisted_by_selection_date
3106,011400,delisted_by_selection_date
3107,011450,delisted_by_selection_date
3108,011470,delisted_by_selection_date
3109,011510,delisted_by_selection_date
3110,011540,delisted_by_selection_date
3111,011650,delisted_by_selection_date
3112,011720,delisted_by_selection_date
3113,011770,delisted_by_selection_date
3114,011800,delisted_by_selection_date
3115,011820,delisted_by_selection_date
3116,011840,delisted_by_selection_date
3117,011870,delisted_by_selection_date
3118,011880,delisted_by_selection_date
3119,011890,delisted_by_selection_date
3120,011900,delisted_by_selection_date
3121,011920,delisted_by_selection_date
3122,011940,delisted_by_selection_date
3123,011960,delisted_by_selection_date
3124,012010,delisted_by_selection_date
3125,012090,delisted_by_selection_date
3126,012150,delisted_by_selection_date
3127,012190,delisted_by_selection_date
3128,012220,delisted_by_selection_date
3129,012250,delisted_by_selection_date
3130,012260,delisted_by_selection_date
3131,012270,delisted_by_selection_date
3132,012360,delisted_by_selection_date
3133,012400,delisted_by_selection_date
3134,012410,delisted_by_selection_date
3135,012420,delisted_by_selection_date
3136,012460,delisted_by_selection_date
3137,012470,delisted_by_selection_date
3138,012500,delisted_by_selection_date
3139,012510,delisted_by_selection_date
3140,012540,delisted_by_selection_date
3141,012580,delisted_by_selection_date
3142,012600,delisted_by_selection_date
3143,012650,delisted_by_selection_date
3144,012670,delisted_by_selection_date
3145,012710,delisted_by_selection_date
3146,012720,delisted_by_selection_date
3147,012760,delisted_by_selection_date
3148,012830,delisted_by_selection_date
3149,012861,delisted_by_selection_date
3150,012910,delisted_by_selection_date
3151,012990,delisted_by_selection_date
3152,013031,delisted_by_selection_date
3153,013034,delisted_by_selection_date
3154,013040,delisted_by_selection_date
3155,013070,delisted_by_selection_date
3156,013090,delisted_by_selection_date
3158,013200,delisted_by_selection_date
3159,013201,delisted_by_selection_date
3161,013240,delisted_by_selection_date
3163,013250,delisted_by_selection_date
3164,013320,delisted_by_selection_date
3165,013340,delisted_by_selection_date
3166,013450,delisted_by_selection_date
3167,013650,delisted_by_selection_date
3168,013651,delisted_by_selection_date
3169,013690,delisted_by_selection_date
3170,013721,delisted_by_selection_date
3171,013730,delisted_by_selection_date
3172,013780,delisted_by_selection_date
3174,013820,delisted_by_selection_date
3175,013850,delisted_by_selection_date
3176,013900,delisted_by_selection_date
3177,014010,delisted_by_selection_date
3178,014040,delisted_by_selection_date
3179,014080,delisted_by_selection_date
3180,014090,delisted_by_selection_date
3181,014150,delisted_by_selection_date
3182,014200,delisted_by_selection_date
3183,014210,delisted_by_selection_date
3184,014250,delisted_by_selection_date
3185,014270,delisted_by_selection_date
3186,014300,delisted_by_selection_date
3187,014340,delisted_by_selection_date
3188,014350,delisted_by_selection_date
3189,014380,delisted_by_selection_date
3190,014390,delisted_by_selection_date
3191,014400,delisted_by_selection_date
3192,014420,delisted_by_selection_date
3193,014430,delisted_by_selection_date
3194,014450,delisted_by_selection_date
3195,014490,delisted_by_selection_date
3197,014590,delisted_by_selection_date
3198,014660,delisted_by_selection_date
3199,014740,delisted_by_selection_date
3200,014900,delisted_by_selection_date
3201,014980,delisted_by_selection_date
3202,015050,delisted_by_selection_date
3203,015060,delisted_by_selection_date
3204,015080,delisted_by_selection_date
3205,015110,delisted_by_selection_date
3206,015150,delisted_by_selection_date
3207,015170,delisted_by_selection_date
3208,015340,delisted_by_selection_date
3209,015350,delisted_by_selection_date
3210,015390,delisted_by_selection_date
3211,015530,delisted_by_selection_date
3212,015531,delisted_by_selection_date
3213,015532,delisted_by_selection_date
3214,015540,delisted_by_selection_date
3215,015580,delisted_by_selection_date
3216,015620,delisted_by_selection_date
3217,015650,delisted_by_selection_date
3218,015670,delisted_by_selection_date
3219,015730,delisted_by_selection_date
3220,015780,delisted_by_selection_date
3221,015880,delisted_by_selection_date
3222,015910,delisted_by_selection_date
3223,015920,delisted_by_selection_date
3224,015940,delisted_by_selection_date
3225,015980,delisted_by_selection_date
3226,016070,delisted_by_selection_date
3227,016140,delisted_by_selection_date
3228,016160,delisted_by_selection_date
3229,016170,delisted_by_selection_date
3230,016310,delisted_by_selection_date
3231,016350,delisted_by_selection_date
3232,016390,delisted_by_selection_date
3233,016420,delisted_by_selection_date
3234,016430,delisted_by_selection_date
3235,016451,delisted_by_selection_date
3236,016480,delisted_by_selection_date
3237,016500,delisted_by_selection_date
3238,016510,delisted_by_selection_date
3239,016550,delisted_by_selection_date
3241,016560,delisted_by_selection_date
3242,016570,delisted_by_selection_date
3243,016620,delisted_by_selection_date
3244,016640,delisted_by_selection_date
3245,016680,delisted_by_selection_date
3246,016690,delisted_by_selection_date
3247,016830,delisted_by_selection_date
3248,016890,delisted_by_selection_date
3249,016921,delisted_by_selection_date
3250,016970,delisted_by_selection_date
3251,016990,delisted_by_selection_date
3252,017010,delisted_by_selection_date
3253,017050,delisted_by_selection_date
3254,017070,delisted_by_selection_date
3255,017090,delisted_by_selection_date
3256,017091,delisted_by_selection_date
3257,017092,delisted_by_selection_date
3258,017093,delisted_by_selection_date
3259,017094,delisted_by_selection_date
3260,017110,delisted_by_selection_date
3261,017120,delisted_by_selection_date
3262,017160,delisted_by_selection_date
3263,017170,delisted_by_selection_date
3264,017210,delisted_by_selection_date
3265,017211,delisted_by_selection_date
3266,017300,delisted_by_selection_date
3267,017320,delisted_by_selection_date
3268,017620,delisted_by_selection_date
3269,017680,delisted_by_selection_date
3270,017740,delisted_by_selection_date
3271,017891,delisted_by_selection_date
3272,018020,delisted_by_selection_date
3273,018121,delisted_by_selection_date
3274,018180,delisted_by_selection_date
3275,018360,delisted_by_selection_date
3276,018380,delisted_by_selection_date
3277,018410,delisted_by_selection_date
3278,018480,delisted_by_selection_date
3279,018550,delisted_by_selection_date
3281,018570,delisted_by_selection_date
3283,018590,delisted_by_selection_date
3284,018720,delisted_by_selection_date
3285,018840,delisted_by_selection_date
3286,018890,delisted_by_selection_date
3287,018910,delisted_by_selection_date
3288,019011,delisted_by_selection_date
3289,019120,delisted_by_selection_date
3290,019230,delisted_by_selection_date
3291,019260,delisted_by_selection_date
3292,019300,delisted_by_selection_date
3293,019380,delisted_by_selection_date
3294,019430,delisted_by_selection_date
3295,019440,delisted_by_selection_date
3296,019492,delisted_by_selection_date
3297,019530,delisted_by_selection_date
3298,019590,delisted_by_selection_date
3299,019640,delisted_by_selection_date
3301,019641,delisted_by_selection_date
3302,019642,delisted_by_selection_date
3303,019730,delisted_by_selection_date
3305,019930,delisted_by_selection_date
3307,020074,delisted_by_selection_date
3308,020100,delisted_by_selection_date
3309,020490,delisted_by_selection_date
3310,020860,delisted_by_selection_date
3311,020880,delisted_by_selection_date
3314,021091,delisted_by_selection_date
3315,021170,delisted_by_selection_date
3316,021220,delisted_by_selection_date
3317,021221,delisted_by_selection_date
3319,021310,delisted_by_selection_date
3320,021570,delisted_by_selection_date
3321,021574,delisted_by_selection_date
3323,021600,delisted_by_selection_date
3325,021610,delisted_by_selection_date
3326,021740,delisted_by_selection_date
3327,021870,delisted_by_selection_date
3328,021930,delisted_by_selection_date
3329,021931,delisted_by_selection_date
3331,021960,delisted_by_selection_date
3332,022020,delisted_by_selection_date
3333,022060,delisted_by_selection_date
3334,022061,delisted_by_selection_date
3335,022510,delisted_by_selection_date
3337,022520,delisted_by_selection_date
3338,022770,delisted_by_selection_date
3339,022780,delisted_by_selection_date
3340,023020,delisted_by_selection_date
3341,023130,delisted_by_selection_date
3343,023421,delisted_by_selection_date
3344,023430,delisted_by_selection_date
3345,023441,delisted_by_selection_date
3346,023442,delisted_by_selection_date
3347,023460,delisted_by_selection_date
3348,023580,delisted_by_selection_date
3349,023591,delisted_by_selection_date
3350,023601,delisted_by_selection_date
3351,023670,delisted_by_selection_date
3352,023710,delisted_by_selection_date
3353,023771,delisted_by_selection_date
3354,023780,delisted_by_selection_date
3355,023811,delisted_by_selection_date
3356,023880,delisted_by_selection_date
3357,023890,delisted_by_selection_date
3358,023920,delisted_by_selection_date
3359,024080,delisted_by_selection_date
3360,024081,delisted_by_selection_date
3362,024100,delisted_by_selection_date
3363,024660,delisted_by_selection_date
3364,024741,delisted_by_selection_date
3365,024810,delisted_by_selection_date
3366,024811,delisted_by_selection_date
3367,024820,delisted_by_selection_date
3368,024860,delisted_by_selection_date
3370,024870,delisted_by_selection_date
3371,024911,delisted_by_selection_date
3372,024912,delisted_by_selection_date
3373,024920,delisted_by_selection_date
3374,024930,delisted_by_selection_date
3375,024960,delisted_by_selection_date
3376,025080,delisted_by_selection_date
3377,025090,delisted_by_selection_date
3378,025150,delisted_by_selection_date
3379,025220,delisted_by_selection_date
3380,025270,delisted_by_selection_date
3381,025340,delisted_by_selection_date
3382,025450,delisted_by_selection_date
3383,025451,delisted_by_selection_date
3384,025460,delisted_by_selection_date
3385,025541,delisted_by_selection_date
3386,025551,delisted_by_selection_date
3387,025561,delisted_by_selection_date
3388,025610,delisted_by_selection_date
3389,025830,delisted_by_selection_date
3390,025840,delisted_by_selection_date
3391,025850,delisted_by_selection_date
3392,025891,delisted_by_selection_date
3393,025901,delisted_by_selection_date
3394,025910,delisted_by_selection_date
3395,025920,delisted_by_selection_date
3396,025921,delisted_by_selection_date
3398,025930,delisted_by_selection_date
3399,025932,delisted_by_selection_date
3400,025940,delisted_by_selection_date
3401,025951,delisted_by_selection_date
3402,025960,delisted_by_selection_date
3403,025970,delisted_by_selection_date
3404,026180,delisted_by_selection_date
3405,026220,delisted_by_selection_date
3406,026230,delisted_by_selection_date
3407,026240,delisted_by_selection_date
3408,026250,delisted_by_selection_date
3409,026251,delisted_by_selection_date
3410,026260,delisted_by_selection_date
3411,026540,delisted_by_selection_date
3412,026870,delisted_by_selection_date
3413,026900,delisted_by_selection_date
3414,026920,delisted_by_selection_date
3415,026930,delisted_by_selection_date
3416,026941,delisted_by_selection_date
3417,026950,delisted_by_selection_date
3418,026961,delisted_by_selection_date
3419,026962,delisted_by_selection_date
3420,026970,delisted_by_selection_date
3421,027350,delisted_by_selection_date
3422,027352,delisted_by_selection_date
3423,027353,delisted_by_selection_date
3424,027390,delisted_by_selection_date
3425,027440,delisted_by_selection_date
3426,027450,delisted_by_selection_date
3427,027460,delisted_by_selection_date
3428,027560,delisted_by_selection_date
3429,027610,delisted_by_selection_date
3430,027700,delisted_by_selection_date
3431,027711,delisted_by_selection_date
3432,027712,delisted_by_selection_date
3434,027840,delisted_by_selection_date
3435,027841,delisted_by_selection_date
3436,027890,delisted_by_selection_date
3437,027891,delisted_by_selection_date
3438,027892,delisted_by_selection_date
3439,027893,delisted_by_selection_date
3440,027894,delisted_by_selection_date
3441,028040,delisted_by_selection_date
3442,028090,delisted_by_selection_date
3443,028150,delisted_by_selection_date
3444,028301,delisted_by_selection_date
3445,028302,delisted_by_selection_date
3446,028303,delisted_by_selection_date
3447,028304,delisted_by_selection_date
3448,029461,delisted_by_selection_date
3449,029462,delisted_by_selection_date
3450,029463,delisted_by_selection_date
3451,029464,delisted_by_selection_date
3452,029470,delisted_by_selection_date
3454,029471,delisted_by_selection_date
3455,029472,delisted_by_selection_date
3456,029481,delisted_by_selection_date
3457,029890,delisted_by_selection_date
3458,029960,delisted_by_selection_date
3459,030030,delisted_by_selection_date
3460,030270,delisted_by_selection_date
3462,030521,delisted_by_selection_date
3463,030522,delisted_by_selection_date
3464,030524,delisted_by_selection_date
3465,030531,delisted_by_selection_date
3466,030532,delisted_by_selection_date
3467,030700,delisted_by_selection_date
3468,030710,delisted_by_selection_date
3470,030790,delisted_by_selection_date
3471,030971,delisted_by_selection_date
3472,031090,delisted_by_selection_date
3473,031150,delisted_by_selection_date
3474,031390,delisted_by_selection_date
3476,031440,delisted_by_selection_date
3477,031800,delisted_by_selection_date
3478,031920,delisted_by_selection_date
3479,031950,delisted_by_selection_date
3480,031951,delisted_by_selection_date
3481,031970,delisted_by_selection_date
3482,031990,delisted_by_selection_date
3483,032030,delisted_by_selection_date
3484,032040,delisted_by_selection_date
3485,032050,delisted_by_selection_date
3486,032150,delisted_by_selection_date
3487,032151,delisted_by_selection_date
3488,032180,delisted_by_selection_date
3489,032380,delisted_by_selection_date
3491,032390,delisted_by_selection_date
3492,032420,delisted_by_selection_date
3494,032570,delisted_by_selection_date
3495,032600,delisted_by_selection_date
3496,032610,delisted_by_selection_date
3499,032710,delisted_by_selection_date
3500,032780,delisted_by_selection_date
3501,032791,delisted_by_selection_date
3502,032930,delisted_by_selection_date
3503,032941,delisted_by_selection_date
3504,032970,delisted_by_selection_date
3505,032980,delisted_by_selection_date
3506,033020,delisted_by_selection_date
3507,033040,delisted_by_selection_date
3508,033041,delisted_by_selection_date
3509,033070,delisted_by_selection_date
3510,033110,delisted_by_selection_date
3512,033180,delisted_by_selection_date
3513,033190,delisted_by_selection_date
3514,033210,delisted_by_selection_date
3515,033220,delisted_by_selection_date
3516,033280,delisted_by_selection_date
3517,033300,delisted_by_selection_date
3518,033350,delisted_by_selection_date
3519,033430,delisted_by_selection_date
3520,033510,delisted_by_selection_date
3521,033550,delisted_by_selection_date
3522,033600,delisted_by_selection_date
3523,033630,delisted_by_selection_date
3524,033660,delisted_by_selection_date
3525,033720,delisted_by_selection_date
3526,033880,delisted_by_selection_date
3527,034010,delisted_by_selection_date
3529,034300,delisted_by_selection_date
3530,034510,delisted_by_selection_date
3531,034600,delisted_by_selection_date
3532,034660,delisted_by_selection_date
3533,034970,delisted_by_selection_date
3534,034980,delisted_by_selection_date
3535,035010,delisted_by_selection_date
3536,035210,delisted_by_selection_date
3537,035270,delisted_by_selection_date
3538,035400,delisted_by_selection_date
3539,035430,delisted_by_selection_date
3540,035450,delisted_by_selection_date
3541,035480,delisted_by_selection_date
3542,035500,delisted_by_selection_date
3543,035780,delisted_by_selection_date
3544,035830,delisted_by_selection_date
3545,035910,delisted_by_selection_date
3546,035950,delisted_by_selection_date
3547,035960,delisted_by_selection_date
3548,036180,delisted_by_selection_date
3549,036210,delisted_by_selection_date
3550,036260,delisted_by_selection_date
3551,036270,delisted_by_selection_date
3552,036280,delisted_by_selection_date
3553,036360,delisted_by_selection_date
3554,036490,delisted_by_selection_date
3555,036500,delisted_by_selection_date
3556,036550,delisted_by_selection_date
3557,036610,delisted_by_selection_date
3558,036660,delisted_by_selection_date
3559,036720,delisted_by_selection_date
3560,036760,delisted_by_selection_date
3561,036790,delisted_by_selection_date
3562,036820,delisted_by_selection_date
3563,036840,delisted_by_selection_date
3564,036850,delisted_by_selection_date
3565,036880,delisted_by_selection_date
3566,036910,delisted_by_selection_date
3567,036920,delisted_by_selection_date
3568,037010,delisted_by_selection_date
3569,037060,delisted_by_selection_date
3570,037120,delisted_by_selection_date
3571,037150,delisted_by_selection_date
3572,037200,delisted_by_selection_date
3573,037240,delisted_by_selection_date
3574,037250,delisted_by_selection_date
3575,037320,delisted_by_selection_date
3576,037340,delisted_by_selection_date
3577,037380,delisted_by_selection_date
3578,037410,delisted_by_selection_date
3579,037550,delisted_by_selection_date
3580,037600,delisted_by_selection_date
3581,037620,delisted_by_selection_date
3582,037630,delisted_by_selection_date
3583,037640,delisted_by_selection_date
3584,037700,delisted_by_selection_date
3585,037730,delisted_by_selection_date
3586,037740,delisted_by_selection_date
3587,037750,delisted_by_selection_date
3588,037830,delisted_by_selection_date
3589,038050,delisted_by_selection_date
3590,038100,delisted_by_selection_date
3591,038120,delisted_by_selection_date
3592,038160,delisted_by_selection_date
3593,038340,delisted_by_selection_date
3594,038400,delisted_by_selection_date
3595,038410,delisted_by_selection_date
3596,038420,delisted_by_selection_date
3597,038520,delisted_by_selection_date
3598,038920,delisted_by_selection_date
3599,038960,delisted_by_selection_date
3600,038990,delisted_by_selection_date
3601,039000,delisted_by_selection_date
3602,039040,delisted_by_selection_date
3603,039230,delisted_by_selection_date
3604,039350,delisted_by_selection_date
3605,039390,delisted_by_selection_date
3606,039500,delisted_by_selection_date
3607,039530,delisted_by_selection_date
3608,039580,delisted_by_selection_date
3609,039670,delisted_by_selection_date
3610,039790,delisted_by_selection_date
3611,039850,delisted_by_selection_date
3612,039870,delisted_by_selection_date
3613,039990,delisted_by_selection_date
3614,040020,delisted_by_selection_date
3615,040180,delisted_by_selection_date
3616,040670,delisted_by_selection_date
3617,040750,delisted_by_selection_date
3618,040780,delisted_by_selection_date
3619,041060,delisted_by_selection_date
3620,041140,delisted_by_selection_date
3621,041310,delisted_by_selection_date
3622,041450,delisted_by_selection_date
3623,041500,delisted_by_selection_date
3624,041550,delisted_by_selection_date
3625,041800,delisted_by_selection_date
3626,041940,delisted_by_selection_date
3627,042100,delisted_by_selection_date
3628,042340,delisted_by_selection_date
3629,042670,delisted_by_selection_date
3630,042870,delisted_by_selection_date
3631,042960,delisted_by_selection_date
3632,043090,delisted_by_selection_date
3633,043290,delisted_by_selection_date
3634,043580,delisted_by_selection_date
3635,043630,delisted_by_selection_date
3636,043680,delisted_by_selection_date
3637,043790,delisted_by_selection_date
3638,043890,delisted_by_selection_date
3639,044060,delisted_by_selection_date
3640,044070,delisted_by_selection_date
3641,044440,delisted_by_selection_date
3642,044570,delisted_by_selection_date
3643,044640,delisted_by_selection_date
3644,044770,delisted_by_selection_date
3645,045050,delisted_by_selection_date
3646,045240,delisted_by_selection_date
3647,045260,delisted_by_selection_date
3648,045290,delisted_by_selection_date
3649,045310,delisted_by_selection_date
3650,045380,delisted_by_selection_date
3651,045400,delisted_by_selection_date
3652,045470,delisted_by_selection_date
3653,045710,delisted_by_selection_date
3654,045760,delisted_by_selection_date
3655,045820,delisted_by_selection_date
3656,045890,delisted_by_selection_date
3657,045920,delisted_by_selection_date
3658,046000,delisted_by_selection_date
3659,046110,delisted_by_selection_date
3660,046140,delisted_by_selection_date
3661,046320,delisted_by_selection_date
3662,046350,delisted_by_selection_date
3663,046400,delisted_by_selection_date
3664,046430,delisted_by_selection_date
3665,046720,delisted_by_selection_date
3666,046930,delisted_by_selection_date
3667,047420,delisted_by_selection_date
3668,047440,delisted_by_selection_date
3669,047450,delisted_by_selection_date
3670,047600,delisted_by_selection_date
3671,047610,delisted_by_selection_date
3672,047710,delisted_by_selection_date
3673,047940,delisted_by_selection_date
3674,048130,delisted_by_selection_date
3675,048140,delisted_by_selection_date
3676,048150,delisted_by_selection_date
3677,048260,delisted_by_selection_date
3678,048270,delisted_by_selection_date
3679,048460,delisted_by_selection_date
3680,048510,delisted_by_selection_date
3681,048540,delisted_by_selection_date
3682,048640,delisted_by_selection_date
3683,049000,delisted_by_selection_date
3684,049130,delisted_by_selection_date
3685,049370,delisted_by_selection_date
3686,049770,delisted_by_selection_date
3687,049790,delisted_by_selection_date
3688,050050,delisted_by_selection_date
3689,050320,delisted_by_selection_date
3690,050540,delisted_by_selection_date
3691,050600,delisted_by_selection_date
3692,051170,delisted_by_selection_date
3693,051310,delisted_by_selection_date
3694,051530,delisted_by_selection_date
3695,051810,delisted_by_selection_date
3696,051820,delisted_by_selection_date
3697,052190,delisted_by_selection_date
3698,052270,delisted_by_selection_date
3699,052290,delisted_by_selection_date
3700,052310,delisted_by_selection_date
3701,052350,delisted_by_selection_date
3702,052510,delisted_by_selection_date
3703,052560,delisted_by_selection_date
3704,052640,delisted_by_selection_date
3705,052650,delisted_by_selection_date
3706,052670,delisted_by_selection_date
3707,052810,delisted_by_selection_date
3708,052880,delisted_by_selection_date
3709,052970,delisted_by_selection_date
3710,053000,delisted_by_selection_date
3711,053040,delisted_by_selection_date
3712,053070,delisted_by_selection_date
3713,053110,delisted_by_selection_date
3714,053170,delisted_by_selection_date
3715,053320,delisted_by_selection_date
3716,053330,delisted_by_selection_date
3717,053440,delisted_by_selection_date
3718,053590,delisted_by_selection_date
3719,053660,delisted_by_selection_date
3720,053740,delisted_by_selection_date
3721,053810,delisted_by_selection_date
3722,053870,delisted_by_selection_date
3723,053960,delisted_by_selection_date
3724,054010,delisted_by_selection_date
3725,054080,delisted_by_selection_date
3726,054120,delisted_by_selection_date
3727,054150,delisted_by_selection_date
3728,054170,delisted_by_selection_date
3729,054250,delisted_by_selection_date
3730,054340,delisted_by_selection_date
3731,054370,delisted_by_selection_date
3732,054440,delisted_by_selection_date
3733,054630,delisted_by_selection_date
3734,054650,delisted_by_selection_date
3735,054790,delisted_by_selection_date
3736,055250,delisted_by_selection_date
3737,056000,delisted_by_selection_date
3738,056010,delisted_by_selection_date
3739,056020,delisted_by_selection_date
3740,056140,delisted_by_selection_date
3741,056200,delisted_by_selection_date
3742,056340,delisted_by_selection_date
3743,056710,delisted_by_selection_date
3744,056810,delisted_by_selection_date
3745,056850,delisted_by_selection_date
3746,057050,delisted_by_selection_date
3747,057330,delisted_by_selection_date
3748,057500,delisted_by_selection_date
3749,057880,delisted_by_selection_date
3750,058220,delisted_by_selection_date
3751,058370,delisted_by_selection_date
3752,058420,delisted_by_selection_date
3753,058530,delisted_by_selection_date
3754,058550,delisted_by_selection_date
3755,058680,delisted_by_selection_date
3756,058690,delisted_by_selection_date
3757,058900,delisted_by_selection_date
3758,059720,delisted_by_selection_date
3759,060000,delisted_by_selection_date
3760,060240,delisted_by_selection_date
3761,060300,delisted_by_selection_date
3762,060410,delisted_by_selection_date
3763,060670,delisted_by_selection_date
3764,060840,delisted_by_selection_date
3765,060910,delisted_by_selection_date
3766,061050,delisted_by_selection_date
3767,061140,delisted_by_selection_date
3768,061460,delisted_by_selection_date
3769,062580,delisted_by_selection_date
3770,062730,delisted_by_selection_date
3771,062860,delisted_by_selection_date
3772,063280,delisted_by_selection_date
3773,063350,delisted_by_selection_date
3774,063510,delisted_by_selection_date
3775,063840,delisted_by_selection_date
3776,064060,delisted_by_selection_date
3777,064420,delisted_by_selection_date
3778,064510,delisted_by_selection_date
3779,065160,delisted_by_selection_date
3780,065180,delisted_by_selection_date
3781,065270,delisted_by_selection_date
3782,065310,delisted_by_selection_date
3783,065340,delisted_by_selection_date
3784,065560,delisted_by_selection_date
3785,065620,delisted_by_selection_date
3786,065810,delisted_by_selection_date
3787,065940,delisted_by_selection_date
3788,066060,delisted_by_selection_date
3789,066110,delisted_by_selection_date
3790,066270,delisted_by_selection_date
3791,066300,delisted_by_selection_date
3792,066340,delisted_by_selection_date
3793,066350,delisted_by_selection_date
3794,066480,delisted_by_selection_date
3795,066850,delisted_by_selection_date
3796,066930,delisted_by_selection_date
3797,067130,delisted_by_selection_date
3798,067250,delisted_by_selection_date
3799,067850,delisted_by_selection_date
3800,068060,delisted_by_selection_date
3801,068150,delisted_by_selection_date
3802,068400,delisted_by_selection_date
3803,068630,delisted_by_selection_date
3804,068770,delisted_by_selection_date
3805,068870,delisted_by_selection_date
3806,069110,delisted_by_selection_date
3807,069470,delisted_by_selection_date
3808,070480,delisted_by_selection_date
3809,071360,delisted_by_selection_date
3810,071460,delisted_by_selection_date
3811,071530,delisted_by_selection_date
3812,071930,delisted_by_selection_date
3813,072430,delisted_by_selection_date
3814,072520,delisted_by_selection_date
3815,073070,delisted_by_selection_date
3816,073130,delisted_by_selection_date
3817,073710,delisted_by_selection_date
3818,073930,delisted_by_selection_date
3819,074000,delisted_by_selection_date
3820,074130,delisted_by_selection_date
3821,074150,delisted_by_selection_date
3822,076090,delisted_by_selection_date
3823,076170,delisted_by_selection_date
3824,077280,delisted_by_selection_date
3825,077960,delisted_by_selection_date
3826,078650,delisted_by_selection_date
3827,078780,delisted_by_selection_date
3828,078940,delisted_by_selection_date
3829,079340,delisted_by_selection_date
3830,079440,delisted_by_selection_date
3831,079560,delisted_by_selection_date
3832,079660,delisted_by_selection_date
3833,080000,delisted_by_selection_date
3834,080140,delisted_by_selection_date
3835,080440,delisted_by_selection_date
3836,080570,delisted_by_selection_date
3837,081090,delisted_by_selection_date
3838,081220,delisted_by_selection_date
3839,081500,delisted_by_selection_date
3840,081970,delisted_by_selection_date
3841,082220,delisted_by_selection_date
3842,082390,delisted_by_selection_date
3843,082640,delisted_by_selection_date
3844,082930,delisted_by_selection_date
3845,084450,delisted_by_selection_date
3846,084810,delisted_by_selection_date
3847,085370,delisted_by_selection_date
3848,085680,delisted_by_selection_date
3849,085980,delisted_by_selection_date
3850,086080,delisted_by_selection_date
3851,086200,delisted_by_selection_date
3852,086250,delisted_by_selection_date
3853,086460,delisted_by_selection_date
3854,086830,delisted_by_selection_date
3855,087220,delisted_by_selection_date
3856,087730,delisted_by_selection_date
3857,088810,delisted_by_selection_date
3858,088960,delisted_by_selection_date
3859,089240,delisted_by_selection_date
3860,089480,delisted_by_selection_date
3861,089530,delisted_by_selection_date
3862,090090,delisted_by_selection_date
3863,090120,delisted_by_selection_date
3864,090730,delisted_by_selection_date
3865,090740,delisted_by_selection_date
3866,091090,delisted_by_selection_date
3867,091270,delisted_by_selection_date
3868,091690,delisted_by_selection_date
3869,091990,delisted_by_selection_date
3870,093230,delisted_by_selection_date
3871,094190,delisted_by_selection_date
3872,094700,delisted_by_selection_date
3873,095300,delisted_by_selection_date
3874,096040,delisted_by_selection_date
3875,096610,delisted_by_selection_date
3876,096640,delisted_by_selection_date
3877,098400,delisted_by_selection_date
3878,099660,delisted_by_selection_date
3879,099830,delisted_by_selection_date
3880,101060,delisted_by_selection_date
3881,101390,delisted_by_selection_date
3882,101990,delisted_by_selection_date
3883,102210,delisted_by_selection_date
3884,102280,delisted_by_selection_date
3885,103130,delisted_by_selection_date
3886,103150,delisted_by_selection_date
3887,103160,delisted_by_selection_date
3888,103650,delisted_by_selection_date
3889,104110,delisted_by_selection_date
3890,104120,delisted_by_selection_date
3891,105070,delisted_by_selection_date
3892,106520,delisted_by_selection_date
3893,108070,delisted_by_selection_date
3894,108790,delisted_by_selection_date
3895,110310,delisted_by_selection_date
3896,110500,delisted_by_selection_date
3897,110570,delisted_by_selection_date
3898,110660,delisted_by_selection_date
3899,111610,delisted_by_selection_date
3900,111820,delisted_by_selection_date
3901,111870,delisted_by_selection_date
3902,112240,delisted_by_selection_date
3903,114120,delisted_by_selection_date
3904,114410,delisted_by_selection_date
3905,114570,delisted_by_selection_date
3906,115390,delisted_by_selection_date
3907,115960,delisted_by_selection_date
3908,117930,delisted_by_selection_date
3909,119860,delisted_by_selection_date
3910,120780,delisted_by_selection_date
3911,121910,delisted_by_selection_date
3912,121950,delisted_by_selection_date
3913,122050,delisted_by_selection_date
3914,122290,delisted_by_selection_date
3915,122750,delisted_by_selection_date
3916,122800,delisted_by_selection_date
3917,123100,delisted_by_selection_date
3918,123160,delisted_by_selection_date
3919,123260,delisted_by_selection_date
3920,123290,delisted_by_selection_date
3921,123300,delisted_by_selection_date
3922,123550,delisted_by_selection_date
3923,123910,delisted_by_selection_date
3924,124050,delisted_by_selection_date
3925,126680,delisted_by_selection_date
3926,126870,delisted_by_selection_date
3928,127160,delisted_by_selection_date
3929,128910,delisted_by_selection_date
3930,130960,delisted_by_selection_date
3931,131390,delisted_by_selection_date
3932,134780,delisted_by_selection_date
3933,135160,delisted_by_selection_date
3934,135270,delisted_by_selection_date
3935,136510,delisted_by_selection_date
3936,138250,delisted_by_selection_date
3937,138290,delisted_by_selection_date
3938,138490,delisted_by_selection_date
3939,138580,delisted_by_selection_date
3940,138690,delisted_by_selection_date
3941,139050,delisted_by_selection_date
3942,139170,delisted_by_selection_date
3943,140290,delisted_by_selection_date
3944,141020,delisted_by_selection_date
3945,141070,delisted_by_selection_date
3946,144620,delisted_by_selection_date
3947,144630,delisted_by_selection_date
3948,144740,delisted_by_selection_date
3950,148140,delisted_by_selection_date
3951,149300,delisted_by_selection_date
3952,149940,delisted_by_selection_date
3953,150440,delisted_by_selection_date
3954,150840,delisted_by_selection_date
3955,151750,delisted_by_selection_date
3956,151910,delisted_by_selection_date
3957,152330,delisted_by_selection_date
3958,155960,delisted_by_selection_date
3959,156170,delisted_by_selection_date
3960,158300,delisted_by_selection_date
3961,158310,delisted_by_selection_date
3962,158380,delisted_by_selection_date
3963,160350,delisted_by_selection_date
3964,160600,delisted_by_selection_date
3965,161570,delisted_by_selection_date
3966,163430,delisted_by_selection_date
3967,164060,delisted_by_selection_date
3968,165270,delisted_by_selection_date
3969,167380,delisted_by_selection_date
3970,174880,delisted_by_selection_date
3971,176440,delisted_by_selection_date
3972,176560,delisted_by_selection_date
3973,179280,delisted_by_selection_date
3974,179440,delisted_by_selection_date
3975,181340,delisted_by_selection_date
3976,181980,delisted_by_selection_date
3978,182690,delisted_by_selection_date
3979,183350,delisted_by_selection_date
3980,183410,delisted_by_selection_date
3981,185280,delisted_by_selection_date
3982,187770,delisted_by_selection_date
3983,189540,delisted_by_selection_date
3984,189700,delisted_by_selection_date
3985,192240,delisted_by_selection_date
3986,192520,delisted_by_selection_date
3987,192530,delisted_by_selection_date
3988,194510,delisted_by_selection_date
3989,194610,delisted_by_selection_date
3990,194860,delisted_by_selection_date
3991,195440,delisted_by_selection_date
3993,197210,delisted_by_selection_date
3994,199870,delisted_by_selection_date
3995,203690,delisted_by_selection_date
3996,204440,delisted_by_selection_date
3997,204630,delisted_by_selection_date
3998,204650,delisted_by_selection_date
3999,204690,delisted_by_selection_date
4000,204760,delisted_by_selection_date
4002,204990,delisted_by_selection_date
4003,205290,delisted_by_selection_date
4004,206660,delisted_by_selection_date
4005,207230,delisted_by_selection_date
4006,207720,delisted_by_selection_date
4007,207930,delisted_by_selection_date
4008,208340,delisted_by_selection_date
4009,208870,delisted_by_selection_date
4010,210610,delisted_by_selection_date
4011,213090,delisted_by_selection_date
4012,214310,delisted_by_selection_date
4013,214870,delisted_by_selection_date
4014,215050,delisted_by_selection_date
4015,215580,delisted_by_selection_date
4016,215750,delisted_by_selection_date
4017,216280,delisted_by_selection_date
4018,217600,delisted_by_selection_date
4019,217620,delisted_by_selection_date
4020,217810,delisted_by_selection_date
4021,218710,delisted_by_selection_date
4022,219580,delisted_by_selection_date
4023,219860,delisted_by_selection_date
4024,219960,delisted_by_selection_date
4025,220110,delisted_by_selection_date
4026,220250,delisted_by_selection_date
4027,220630,delisted_by_selection_date
4028,221200,delisted_by_selection_date
4029,221610,delisted_by_selection_date
4030,221670,delisted_by_selection_date
4031,221950,delisted_by_selection_date
4033,222160,delisted_by_selection_date
4034,222390,delisted_by_selection_date
4035,222520,delisted_by_selection_date
4036,222810,delisted_by_selection_date
4037,223040,delisted_by_selection_date
4038,224020,delisted_by_selection_date
4039,224090,delisted_by_selection_date
4040,224880,delisted_by_selection_date
4041,225330,delisted_by_selection_date
4042,225440,delisted_by_selection_date
4043,225650,delisted_by_selection_date
4044,225850,delisted_by_selection_date
4045,225860,delisted_by_selection_date
4046,226350,delisted_by_selection_date
4047,226360,delisted_by_selection_date
4048,226440,delisted_by_selection_date
4049,226610,delisted_by_selection_date
4050,226850,delisted_by_selection_date
4051,227100,delisted_by_selection_date
4052,228180,delisted_by_selection_date
4053,229480,delisted_by_selection_date
4054,230360,delisted_by_selection_date
4055,230400,delisted_by_selection_date
4056,230490,delisted_by_selection_date
4057,230980,delisted_by_selection_date
4058,232270,delisted_by_selection_date
4059,232290,delisted_by_selection_date
4060,232330,delisted_by_selection_date
4061,232360,delisted_by_selection_date
4062,233190,delisted_by_selection_date
4063,235010,delisted_by_selection_date
4064,235090,delisted_by_selection_date
4065,237720,delisted_by_selection_date
4066,238170,delisted_by_selection_date
4067,240340,delisted_by_selection_date
4068,240540,delisted_by_selection_date
4069,241510,delisted_by_selection_date
4070,242350,delisted_by_selection_date
4071,242420,delisted_by_selection_date
4072,242850,delisted_by_selection_date
4073,245030,delisted_by_selection_date
4074,246830,delisted_by_selection_date
4075,247300,delisted_by_selection_date
4076,248020,delisted_by_selection_date
4077,250300,delisted_by_selection_date
4078,251540,delisted_by_selection_date
4079,251960,delisted_by_selection_date
4080,252370,delisted_by_selection_date
4081,252940,delisted_by_selection_date
4082,256090,delisted_by_selection_date
4083,257730,delisted_by_selection_date
4084,257990,delisted_by_selection_date
4085,258250,delisted_by_selection_date
4086,258540,delisted_by_selection_date
4087,260490,delisted_by_selection_date
4088,262760,delisted_by_selection_date
4089,262830,delisted_by_selection_date
4090,263540,delisted_by_selection_date
4091,264290,delisted_by_selection_date
4092,265480,delisted_by_selection_date
4093,265920,delisted_by_selection_date
4094,266870,delisted_by_selection_date
4095,267060,delisted_by_selection_date
4096,267810,delisted_by_selection_date
4097,268600,delisted_by_selection_date
4098,269620,delisted_by_selection_date
4099,270020,delisted_by_selection_date
4100,271400,delisted_by_selection_date
4101,271740,delisted_by_selection_date
4102,271780,delisted_by_selection_date
4103,271850,delisted_by_selection_date
4104,272420,delisted_by_selection_date
4105,276920,delisted_by_selection_date
4106,277480,delisted_by_selection_date
4107,278380,delisted_by_selection_date
4108,279410,delisted_by_selection_date
4109,281310,delisted_by_selection_date
4110,281410,delisted_by_selection_date
4111,282690,delisted_by_selection_date
4112,283100,delisted_by_selection_date
4113,284420,delisted_by_selection_date
4114,284610,delisted_by_selection_date
4115,285770,delisted_by_selection_date
4116,286000,delisted_by_selection_date
4117,287410,delisted_by_selection_date
4118,288490,delisted_by_selection_date
4119,289860,delisted_by_selection_date
4120,290380,delisted_by_selection_date
4121,290510,delisted_by_selection_date
4122,291210,delisted_by_selection_date
4123,298870,delisted_by_selection_date
4124,299670,delisted_by_selection_date
4125,299900,delisted_by_selection_date
4126,299910,delisted_by_selection_date
4127,307070,delisted_by_selection_date
4128,307160,delisted_by_selection_date
4129,308700,delisted_by_selection_date
4130,309900,delisted_by_selection_date
4131,310840,delisted_by_selection_date
4132,311270,delisted_by_selection_date
4133,311840,delisted_by_selection_date
4134,313750,delisted_by_selection_date
4135,317030,delisted_by_selection_date
4136,317320,delisted_by_selection_date
4137,322190,delisted_by_selection_date
4138,323210,delisted_by_selection_date
4139,323230,delisted_by_selection_date
4140,323940,delisted_by_selection_date
4141,327610,delisted_by_selection_date
4142,327970,delisted_by_selection_date
4143,329020,delisted_by_selection_date
4144,329050,delisted_by_selection_date
4145,329560,delisted_by_selection_date
4146,330990,delisted_by_selection_date
4147,332710,delisted_by_selection_date
4148,335890,delisted_by_selection_date
4149,337450,delisted_by_selection_date
4150,340120,delisted_by_selection_date
4151,340350,delisted_by_selection_date
4152,341160,delisted_by_selection_date
4153,341310,delisted_by_selection_date
4154,342550,delisted_by_selection_date
4155,343090,delisted_by_selection_date
4156,343510,delisted_by_selection_date
4157,344050,delisted_by_selection_date
4158,347140,delisted_by_selection_date
4159,348840,delisted_by_selection_date
4160,349720,delisted_by_selection_date
4161,351340,delisted_by_selection_date
4162,353060,delisted_by_selection_date
4163,353070,delisted_by_selection_date
4164,353490,delisted_by_selection_date
4165,354230,delisted_by_selection_date
4166,366330,delisted_by_selection_date
4167,367340,delisted_by_selection_date
4168,367360,delisted_by_selection_date
4169,367460,delisted_by_selection_date
4170,367480,delisted_by_selection_date
4171,368030,delisted_by_selection_date
4172,372290,delisted_by_selection_date
4173,373340,delisted_by_selection_date
4174,376190,delisted_by_selection_date
4175,377400,delisted_by_selection_date
4176,377630,delisted_by_selection_date
4177,380320,delisted_by_selection_date
4178,380440,delisted_by_selection_date
4179,386580,delisted_by_selection_date
4180,387310,delisted_by_selection_date
4181,388220,delisted_by_selection_date
4182,388800,delisted_by_selection_date
4183,391060,delisted_by_selection_date
4184,393360,delisted_by_selection_date
4185,396770,delisted_by_selection_date
4186,397500,delisted_by_selection_date
4187,397880,delisted_by_selection_date
4188,400560,delisted_by_selection_date
4189,400840,delisted_by_selection_date
4190,404950,delisted_by_selection_date
4191,405350,delisted_by_selection_date
4192,405640,delisted_by_selection_date
4193,406760,delisted_by_selection_date
4194,409570,delisted_by_selection_date
4195,412930,delisted_by_selection_date
4196,413600,delisted_by_selection_date
4197,415580,delisted_by_selection_date
4198,418170,delisted_by_selection_date
4199,418210,delisted_by_selection_date
4200,419270,delisted_by_selection_date
4201,419700,delisted_by_selection_date
4202,421800,delisted_by_selection_date
4203,422040,delisted_by_selection_date
4204,424140,delisted_by_selection_date
4205,425290,delisted_by_selection_date
4206,426550,delisted_by_selection_date
4207,426670,delisted_by_selection_date
4208,427950,delisted_by_selection_date
4209,430220,delisted_by_selection_date
4210,430230,delisted_by_selection_date
4211,430460,delisted_by_selection_date
4212,430700,delisted_by_selection_date
4213,433530,delisted_by_selection_date
4214,435380,delisted_by_selection_date
4215,435620,delisted_by_selection_date
4216,435870,delisted_by_selection_date
4217,436530,delisted_by_selection_date
4218,436610,delisted_by_selection_date
4219,437780,delisted_by_selection_date
4220,438220,delisted_by_selection_date
4221,438580,delisted_by_selection_date
4222,439250,delisted_by_selection_date
4223,439410,delisted_by_selection_date
4224,439730,delisted_by_selection_date
4225,440200,delisted_by_selection_date
4226,440790,delisted_by_selection_date
4227,440820,delisted_by_selection_date
4228,442130,delisted_by_selection_date
4229,442310,delisted_by_selection_date
4230,442770,delisted_by_selection_date
4231,442900,delisted_by_selection_date
4232,444920,delisted_by_selection_date
4233,445360,delisted_by_selection_date
4234,445970,delisted_by_selection_date
4235,446150,delisted_by_selection_date
4236,446190,delisted_by_selection_date
4237,446600,delisted_by_selection_date
4238,446750,delisted_by_selection_date
4239,448370,delisted_by_selection_date
4240,448740,delisted_by_selection_date
4241,448760,delisted_by_selection_date
4242,448830,delisted_by_selection_date
4243,449020,delisted_by_selection_date
4244,450050,delisted_by_selection_date
4245,450140,delisted_by_selection_date
4246,450410,delisted_by_selection_date
4247,450940,delisted_by_selection_date
4248,451700,delisted_by_selection_date
4249,452670,delisted_by_selection_date
4250,452980,delisted_by_selection_date
4251,454640,delisted_by_selection_date
4252,454750,delisted_by_selection_date
4253,455250,delisted_by_selection_date
4254,455310,delisted_by_selection_date
4255,455910,delisted_by_selection_date
4256,456440,delisted_by_selection_date
4257,456490,delisted_by_selection_date
4258,456700,delisted_by_selection_date
4259,457390,delisted_by_selection_date
4260,457630,delisted_by_selection_date
4261,457940,delisted_by_selection_date
4262,458320,delisted_by_selection_date
4263,458610,delisted_by_selection_date
4264,462020,delisted_by_selection_date
4265,464440,delisted_by_selection_date
4266,464680,delisted_by_selection_date
4267,466910,delisted_by_selection_date
4268,467930,delisted_by_selection_date
4269,468510,delisted_by_selection_date
4270,469880,delisted_by_selection_date
4271,471050,delisted_by_selection_date
4272,473370,delisted_by_selection_date
4273,476470,delisted_by_selection_date
4274,477530,delisted_by_selection_date
4275,478780,delisted_by_selection_date
4276,495900,delisted_by_selection_date
