code,name,market,symbol_type,last_snapshot_id,reason_codes,replacement_code,prefix_matches
0000,HK 26-12 회사채(AA-이상)액티브,KOSPI,stock,9,"invalid_legacy,missing_from_latest_snapshot,stale_active",,
0001,덕양에너젠,KOSDAQ,stock,9,"invalid_legacy,prefix_collision,missing_from_latest_snapshot,stale_active",0001A0,0001A0
0004,엔비알모션,KOSDAQ,stock,9,"invalid_legacy,prefix_collision,missing_from_latest_snapshot,stale_active",0004V0,0004V0
0005,KODEX 미국S&P500데일리커버드콜OTM,KOSPI,stock,9,"invalid_legacy,missing_from_latest_snapshot,stale_active",,
0007,KODEX 27-12 회사채(AA-이상)액티브,KOSPI,stock,9,"invalid_legacy,missing_from_latest_snapshot,stale_active",,
0008,TIGER 미국배당다우존스타겟데일리커버드콜,KOSPI,stock,9,"invalid_legacy,missing_from_latest_snapshot,stale_active",,
00088,한화3우B,KOSPI,stock,9,"invalid_legacy,prefix_collision,missing_from_latest_snapshot,stale_active",00088K,00088K
0009,에임드바이오,KOSDAQ,stock,9,"invalid_legacy,prefix_collision,missing_from_latest_snapshot,stale_active",0009K0,0009K0
0010,제이피아이헬스케어,KOSDAQ,stock,9,"invalid_legacy,prefix_collision,missing_from_latest_snapshot,stale_active",0010V0,0010V0
00104,CJ4우(전환),KOSPI,stock,9,"invalid_legacy,prefix_collision,missing_from_latest_snapshot,stale_active",00104K,00104K
0011,채비,KOSDAQ,stock,9,"invalid_legacy,prefix_collision,missing_from_latest_snapshot,stale_active",0011T0,0011T0
0013,RISE 테슬라미국채타겟커버드콜혼합(합성),KOSPI,stock,9,"invalid_legacy,missing_from_latest_snapshot,stale_active",,
0015,KoAct 미국나스닥성장기업액티브,KOSPI,stock,9,"invalid_legacy,missing_from_latest_snapshot,stale_active",,
0016,SOL 중단기회사채(A-이상)액티브,KOSPI,stock,9,"invalid_legacy,missing_from_latest_snapshot,stale_active",,
0017,1Q 종합채권(AA-이상)액티브,KOSPI,stock,9,"invalid_legacy,missing_from_latest_snapshot,stale_active",,
0018,PLUS 고배당주위클리고정커버드콜,KOSPI,stock,9,"invalid_legacy,missing_from_latest_snapshot,stale_active",,
0019,TIME 미국나스닥100채권혼합50액티브,KOSPI,stock,9,"invalid_legacy,missing_from_latest_snapshot,stale_active",,
0020,KoAct 글로벌양자컴퓨팅액티브,KOSPI,stock,9,"invalid_legacy,missing_from_latest_snapshot,stale_active",,
0021,ACE TDF2050액티브 적격,KOSPI,stock,,"invalid_legacy,missing_from_latest_snapshot,stale_active",,
0022,SOL 국제금커버드콜액티브,KOSPI,stock,9,"invalid_legacy,missing_from_latest_snapshot,stale_active",,
0023,SOL 미국양자컴퓨팅TOP10,KOSPI,stock,9,"invalid_legacy,missing_from_latest_snapshot,stale_active",,
0025,TIGER TDF2045 적격,KOSPI,stock,9,"invalid_legacy,missing_from_latest_snapshot,stale_active",,
0026,1Q 미국S&P500,KOSPI,stock,9,"invalid_legacy,missing_from_latest_snapshot,stale_active",,
00279,아모레퍼시픽홀딩스3우C,KOSPI,stock,9,"invalid_legacy,prefix_collision,missing_from_latest_snapshot,stale_active",00279K,00279K
0028,KODEX 미국금융테크액티브,KOSPI,stock,,"invalid_legacy,missing_from_latest_snapshot,stale_active",,
0030,대신밸류리츠,KOSPI,stock,9,"invalid_legacy,prefix_collision,missing_from_latest_snapshot,stale_active",0030R0,0030R0
0035,PLUS 글로벌휴머노이드로봇액티브,KOSPI,stock,9,"invalid_legacy,missing_from_latest_snapshot,stale_active",,
0036,RISE 미국휴머노이드로봇,KOSPI,stock,9,"invalid_legacy,missing_from_latest_snapshot,stale_active",,
0036D0,TIME 미국배당다우존스액티브,KOSPI,etf,10,"missing_from_latest_snapshot,stale_active",,
0037,KB제32호스팩,KOSDAQ,stock,9,"invalid_legacy,prefix_collision,missing_from_latest_snapshot,stale_active",0037T0,0037T0
0038,KODEX 미국휴머노이드로봇,KOSPI,stock,9,"invalid_legacy,missing_from_latest_snapshot,stale_active",,
0039,매드업,KOSDAQ,stock,9,"invalid_legacy,prefix_collision,missing_from_latest_snapshot,stale_active",0039P0,0039P0
0040,SOL 팔란티어커버드콜OTM채권혼합,KOSPI,stock,9,"invalid_legacy,missing_from_latest_snapshot,stale_active",,
0041,KODEX 미국S&P500액티브,KOSPI,stock,9,"invalid_legacy,missing_from_latest_snapshot,stale_active",,
0043,TIGER 머니마켓액티브,KOSPI,stock,9,"invalid_legacy,missing_from_latest_snapshot,stale_active",,
0044,삼성스팩10호,KOSDAQ,stock,9,"invalid_legacy,prefix_collision,missing_from_latest_snapshot,stale_active",0044K0,0044K0
0046,TIGER 미국초단기(3개월이하)국채,KOSPI,stock,9,"invalid_legacy,missing_from_latest_snapshot,stale_active",,
0047,TIGER 차이나테크TOP10,KOSPI,stock,9,"invalid_legacy,missing_from_latest_snapshot,stale_active",,
0048,KODEX 미국머니마켓액티브,KOSPI,stock,9,"invalid_legacy,missing_from_latest_snapshot,stale_active",,
0049,ACE 미국배당퀄리티+커버드콜액티브,KOSPI,stock,9,"invalid_legacy,missing_from_latest_snapshot,stale_active",,
00499,롯데지주우,KOSPI,stock,9,"invalid_legacy,prefix_collision,missing_from_latest_snapshot,stale_active",00499K,00499K
0051,SOL 미국원자력SMR,KOSPI,stock,9,"invalid_legacy,missing_from_latest_snapshot,stale_active",,
0052,1Q 미국S&P500미국채혼합50액티브,KOSPI,stock,9,"invalid_legacy,missing_from_latest_snapshot,stale_active",,
0053,TIGER 차이나휴머노이드로봇,KOSPI,stock,9,"invalid_legacy,missing_from_latest_snapshot,stale_active",,
0054,엔에이치스팩32호,KOSDAQ,stock,9,"invalid_legacy,prefix_collision,missing_from_latest_snapshot,stale_active",0054V0,0054V0
0057,PLUS 미국S&P500미국채혼합50액티브,KOSPI,stock,9,"invalid_legacy,missing_from_latest_snapshot,stale_active",,
0060,TIGER 토탈월드스탁액티브,KOSPI,stock,9,"invalid_legacy,missing_from_latest_snapshot,stale_active",,
0061,RISE 단기특수은행채액티브,KOSPI,stock,9,"invalid_legacy,missing_from_latest_snapshot,stale_active",,
0064,KODEX 금액티브,KOSPI,stock,9,"invalid_legacy,missing_from_latest_snapshot,stale_active",,
0065,KODEX 차이나테크TOP10,KOSPI,stock,9,"invalid_legacy,missing_from_latest_snapshot,stale_active",,
0066,SOL 국제금,KOSPI,stock,9,"invalid_legacy,missing_from_latest_snapshot,stale_active",,
0067,TIGER 차이나글로벌리더스TOP3+,KOSPI,stock,9,"invalid_legacy,missing_from_latest_snapshot,stale_active",,
0068,비엔케이제3호스팩,KOSDAQ,stock,9,"invalid_legacy,prefix_collision,missing_from_latest_snapshot,stale_active",0068Y0,0068Y0
00680,미래에셋증권2우B,KOSPI,stock,9,"invalid_legacy,prefix_collision,missing_from_latest_snapshot,stale_active",00680K,00680K
0069,1Q 미국나스닥100,KOSPI,stock,9,"invalid_legacy,missing_from_latest_snapshot,stale_active",,
0071,삼성스팩11호,KOSDAQ,stock,9,"invalid_legacy,prefix_collision,missing_from_latest_snapshot,stale_active",0071M0,0071M0
0072,TIGER KRX금현물,KOSPI,stock,9,"invalid_legacy,missing_from_latest_snapshot,stale_active",,
0074,KoAct K수출핵심기업TOP30액티브,KOSPI,stock,9,"invalid_legacy,missing_from_latest_snapshot,stale_active",,
00781,코리아써키트2우B,KOSPI,stock,,"invalid_legacy,prefix_collision,missing_from_latest_snapshot,stale_active",00781K,00781K
0080,KODEX 방산TOP10,KOSPI,stock,9,"invalid_legacy,missing_from_latest_snapshot,stale_active",,
0082,KODEX TDF2060액티브 적격,KOSPI,stock,9,"invalid_legacy,missing_from_latest_snapshot,stale_active",,
0083,1Q 미국메디컬AI,KOSPI,stock,9,"invalid_legacy,missing_from_latest_snapshot,stale_active",,
0084,KIWOOM 미국대형주500월간목표헤지액티브,KOSPI,stock,,"invalid_legacy,missing_from_latest_snapshot,stale_active",,
0085,ACE 미국10년국채액티브,KOSPI,stock,9,"invalid_legacy,missing_from_latest_snapshot,stale_active",,
0086,TIGER 리츠부동산인프라TOP10액티브,KOSPI,stock,9,"invalid_legacy,missing_from_latest_snapshot,stale_active",,
0088,메쥬,KOSDAQ,stock,9,"invalid_legacy,prefix_collision,missing_from_latest_snapshot,stale_active",0088M0,0088M0
0089,KODEX 금융고배당TOP10,KOSPI,stock,9,"invalid_legacy,missing_from_latest_snapshot,stale_active",,
0090,PLUS K방산소부장,KOSPI,stock,9,"invalid_legacy,missing_from_latest_snapshot,stale_active",,
0091,TIGER 코리아원자력,KOSPI,stock,9,"invalid_legacy,missing_from_latest_snapshot,stale_active",,
0092,SOL 27-12 회사채(AA-이상)액티브,KOSPI,stock,9,"invalid_legacy,missing_from_latest_snapshot,stale_active",,
0093,RISE AI반도체TOP10,KOSPI,stock,9,"invalid_legacy,missing_from_latest_snapshot,stale_active",,
0094,TIGER 28-04 회사채(A+이상)액티브,KOSPI,stock,9,"invalid_legacy,missing_from_latest_snapshot,stale_active",,
0096,삼성스팩12호,KOSDAQ,stock,9,"invalid_legacy,prefix_collision,missing_from_latest_snapshot,stale_active",0096B0,0096B0
0097,KIWOOM 한국고배당&미국AI테크,KOSPI,stock,9,"invalid_legacy,missing_from_latest_snapshot,stale_active",,
0098,KODEX 원자력SMR,KOSPI,stock,9,"invalid_legacy,missing_from_latest_snapshot,stale_active",,
0099,ACE 우량회사채(AA-이상)액티브,KOSPI,stock,9,"invalid_legacy,missing_from_latest_snapshot,stale_active",,
0100,KODEX 방산TOP10레버리지,KOSPI,stock,9,"invalid_legacy,missing_from_latest_snapshot,stale_active",,
0101,RISE AI전력인프라,KOSPI,stock,9,"invalid_legacy,missing_from_latest_snapshot,stale_active",,
0102,TIGER 미국AI소프트웨어TOP4Plus,KOSPI,stock,9,"invalid_legacy,missing_from_latest_snapshot,stale_active",,
0103,1Q K소버린AI,KOSPI,stock,9,"invalid_legacy,missing_from_latest_snapshot,stale_active",,
0104,TIGER 200타겟위클리커버드콜,KOSPI,stock,9,"invalid_legacy,missing_from_latest_snapshot,stale_active",,
0105,SOL 코리아고배당,KOSPI,stock,9,"invalid_legacy,missing_from_latest_snapshot,stale_active",,
0106,대신 KOSPI200인덱스 X클래스,KOSPI,stock,9,"invalid_legacy,prefix_collision,missing_from_latest_snapshot,stale_active",0106J0,0106J0
0107,KIWOOM 미국고배당&AI테크,KOSPI,stock,9,"invalid_legacy,missing_from_latest_snapshot,stale_active",,
0111,1Q 미국나스닥100미국채혼합50액티브,KOSPI,stock,9,"invalid_legacy,missing_from_latest_snapshot,stale_active",,
0112,마이티 200TR,KOSPI,stock,9,"invalid_legacy,missing_from_latest_snapshot,stale_active",,
0113,TIME 글로벌탑픽액티브,KOSPI,stock,9,"invalid_legacy,missing_from_latest_snapshot,stale_active",,
0115,KODEX 조선TOP10,KOSPI,stock,9,"invalid_legacy,missing_from_latest_snapshot,stale_active",,
0117,KODEX 26-12 금융채(AA-이상)액티브,KOSPI,stock,9,"invalid_legacy,missing_from_latest_snapshot,stale_active",,
0118,ACE 미국AI테크핵심산업액티브,KOSPI,stock,9,"invalid_legacy,missing_from_latest_snapshot,stale_active",,
0119,KODEX 28-12 회사채(AA-이상)액티브,KOSPI,stock,9,"invalid_legacy,missing_from_latest_snapshot,stale_active",,
0120,삼양바이오팜,KOSPI,stock,9,"invalid_legacy,prefix_collision,missing_from_latest_snapshot,stale_active",0120G0,0120G0
0122,RISE 26-11 회사채(AA-이상)액티브,KOSPI,stock,9,"invalid_legacy,missing_from_latest_snapshot,stale_active",,
0123,TIGER 미국AI전력SMR,KOSPI,stock,9,"invalid_legacy,missing_from_latest_snapshot,stale_active",,
012510,더존비즈온,KOSPI,stock,,"missing_from_latest_snapshot,stale_active",,
0126,삼성에피스홀딩스,KOSPI,stock,9,"invalid_legacy,prefix_collision,missing_from_latest_snapshot,stale_active",0126Z0,0126Z0
0127,ACE 미국대형성장주액티브,KOSPI,stock,9,"invalid_legacy,missing_from_latest_snapshot,stale_active",,
0129,신한제18호스팩,KOSDAQ,stock,9,"invalid_legacy,prefix_collision,missing_from_latest_snapshot,stale_active",0129K0,0129K0
0130,엔에이치스팩33호,KOSDAQ,stock,9,"invalid_legacy,prefix_collision,missing_from_latest_snapshot,stale_active",0130H0,0130H0
0131,1Q 미국우주항공테크,KOSPI,stock,9,"invalid_legacy,missing_from_latest_snapshot,stale_active",,
0132,PLUS 테슬라위클리커버드콜채권혼합,KOSPI,stock,9,"invalid_legacy,missing_from_latest_snapshot,stale_active",,
0134,대신밸런스제20호스팩,KOSDAQ,stock,9,"invalid_legacy,prefix_collision,missing_from_latest_snapshot,stale_active",0134X0,0134X0
0135,IBK 중기종합채권(AA-이상)액티브,KOSPI,stock,9,"invalid_legacy,missing_from_latest_snapshot,stale_active",,
0137,KIWOOM 미국S&P500모멘텀,KOSPI,stock,9,"invalid_legacy,missing_from_latest_snapshot,stale_active",,
0138,PLUS 금채권혼합,KOSPI,stock,9,"invalid_legacy,missing_from_latest_snapshot,stale_active",,
0139,TIGER 12월자동연장금융채(AA-이상)액티브,KOSPI,stock,9,"invalid_legacy,missing_from_latest_snapshot,stale_active",,
0141,SOL 조선기자재,KOSPI,stock,9,"invalid_legacy,missing_from_latest_snapshot,stale_active",,
0142,TIGER 미국AI데이터센터TOP4Plus,KOSPI,stock,9,"invalid_legacy,missing_from_latest_snapshot,stale_active",,
0144,KODEX 미국성장커버드콜액티브,KOSPI,stock,9,"invalid_legacy,missing_from_latest_snapshot,stale_active",,
0148,TIGER 코리아휴머노이드로봇산업,KOSPI,stock,9,"invalid_legacy,missing_from_latest_snapshot,stale_active",,
0150,KoAct 수소전력ESS인프라액티브,KOSPI,stock,9,"invalid_legacy,missing_from_latest_snapshot,stale_active",,
0151,KODEX 미국AI반도체TOP3플러스,KOSPI,stock,9,"invalid_legacy,missing_from_latest_snapshot,stale_active",,
0152,SOL 배당성향탑픽액티브,KOSPI,stock,9,"invalid_legacy,missing_from_latest_snapshot,stale_active",,
0153,KODEX 주주환원고배당주,KOSPI,stock,9,"invalid_legacy,missing_from_latest_snapshot,stale_active",,
0154,WON 초대형IB&금융지주,KOSPI,stock,9,"invalid_legacy,missing_from_latest_snapshot,stale_active",,
0155,HANARO K휴머노이드테마TOP10,KOSPI,stock,9,"invalid_legacy,missing_from_latest_snapshot,stale_active",,
0156,에이치엘지노믹스,KOSDAQ,stock,9,"invalid_legacy,prefix_collision,missing_from_latest_snapshot,stale_active",0156T0,0156T0
0162,RISE 삼성전자SK하이닉스채권혼합50,KOSPI,stock,9,"invalid_legacy,missing_from_latest_snapshot,stale_active",,
0163,KoAct 코스닥액티브,KOSPI,stock,9,"invalid_legacy,missing_from_latest_snapshot,stale_active",,
0164,RISE 차이나AI반도체TOP4Plus,KOSPI,stock,9,"invalid_legacy,missing_from_latest_snapshot,stale_active",,
0165,메리츠제2호스팩,KOSDAQ,stock,9,"invalid_legacy,prefix_collision,missing_from_latest_snapshot,stale_active",0165X0,0165X0
0166,PLUS K제조업핵심기업액티브,KOSPI,stock,9,"invalid_legacy,missing_from_latest_snapshot,stale_active",,
0167,SOL AI반도체TOP2플러스,KOSPI,stock,9,"invalid_legacy,missing_from_latest_snapshot,stale_active",,
0168,TIGER 기술이전바이오액티브,KOSPI,stock,9,"invalid_legacy,missing_from_latest_snapshot,stale_active",,
0172,1Q 은액티브,KOSPI,stock,9,"invalid_legacy,missing_from_latest_snapshot,stale_active",,
0173,KODEX 미국AI광통신네트워크,KOSPI,stock,9,"invalid_legacy,missing_from_latest_snapshot,stale_active",,
0174,KoAct 글로벌AI메모리반도체액티브,KOSPI,stock,9,"invalid_legacy,missing_from_latest_snapshot,stale_active",,
0176,RISE 미국AI전력인프라액티브,KOSPI,stock,9,"invalid_legacy,missing_from_latest_snapshot,stale_active",,
0177,KODEX 삼성전자SK하이닉스채권혼합50,KOSPI,stock,9,"invalid_legacy,missing_from_latest_snapshot,stale_active",,
0178,IBK 미국AI TOP10국채혼합50,KOSPI,stock,9,"invalid_legacy,missing_from_latest_snapshot,stale_active",,
0180,ACE 미국우주테크액티브,KOSPI,stock,9,"invalid_legacy,missing_from_latest_snapshot,stale_active",,
0181,HANARO 미국AI메모리반도체TOP4+,KOSPI,stock,9,"invalid_legacy,missing_from_latest_snapshot,stale_active",,
0182,1Q K반도체TOP2+,KOSPI,stock,9,"invalid_legacy,missing_from_latest_snapshot,stale_active",,
0183,TIGER 미국우주테크,KOSPI,stock,9,"invalid_legacy,missing_from_latest_snapshot,stale_active",,
0184,PLUS 중기종합채권(A-이상)액티브,KOSPI,stock,9,"invalid_legacy,missing_from_latest_snapshot,stale_active",,
0185,TIME 글로벌휴머노이드로봇산업액티브,KOSPI,stock,9,"invalid_legacy,missing_from_latest_snapshot,stale_active",,
0186,1Q 코스닥150채권혼합50액티브,KOSPI,stock,9,"invalid_legacy,missing_from_latest_snapshot,stale_active",,
0189,TIGER 은액티브,KOSPI,stock,9,"invalid_legacy,missing_from_latest_snapshot,stale_active",,
0190,RISE 현대차고정피지컬AI,KOSPI,stock,9,"invalid_legacy,missing_from_latest_snapshot,stale_active",,
0191,HANARO 중기종합채권(A-이상)액티브,KOSPI,stock,9,"invalid_legacy,missing_from_latest_snapshot,stale_active",,
0192,TIGER 중기종합채권(A-이상)액티브,KOSPI,stock,9,"invalid_legacy,missing_from_latest_snapshot,stale_active",,
0193,KODEX SK하이닉스단일종목레버리지,KOSPI,stock,9,"invalid_legacy,missing_from_latest_snapshot,stale_active",,
0194,ACE SK하이닉스단일종목레버리지,KOSPI,stock,9,"invalid_legacy,missing_from_latest_snapshot,stale_active",,
0195,TIGER SK하이닉스단일종목레버리지,KOSPI,stock,9,"invalid_legacy,missing_from_latest_snapshot,stale_active",,
0197,SOL SK하이닉스선물단일종목인버스2X,KOSPI,stock,9,"invalid_legacy,missing_from_latest_snapshot,stale_active",,
0198,KIWOOM 코스닥150커버드콜액티브,KOSPI,stock,9,"invalid_legacy,missing_from_latest_snapshot,stale_active",,
0199,ACE 고배당주Plus커버드콜액티브,KOSPI,stock,9,"invalid_legacy,missing_from_latest_snapshot,stale_active",,
0203,WON 삼성전자현대차채권혼합50,KOSPI,stock,9,"invalid_legacy,missing_from_latest_snapshot,stale_active",,
0204,KODEX 현대차로보틱스밸류체인TOP3플러스,KOSPI,stock,9,"invalid_legacy,missing_from_latest_snapshot,stale_active",,
0206,1Q 현대차기아채권혼합50,KOSPI,stock,9,"invalid_legacy,missing_from_latest_snapshot,stale_active",,
0207,SOL 우주항공밸류체인,KOSPI,stock,9,"invalid_legacy,missing_from_latest_snapshot,stale_active",,
0209,KODEX 전고체배터리ESS TOP2플러스,KOSPI,stock,9,"invalid_legacy,missing_from_latest_snapshot,stale_active",,
0210,ACE K반도체TOP2+,KOSPI,stock,9,"invalid_legacy,missing_from_latest_snapshot,stale_active",,
0216,ACE K방산TOP5+,KOSPI,stock,9,"invalid_legacy,missing_from_latest_snapshot,stale_active",,
0218,RISE 미국우주&로봇TOP2미국채혼합50,KOSPI,stock,9,"invalid_legacy,missing_from_latest_snapshot,stale_active",,
0219,KODEX 200커버드콜액티브,KOSPI,stock,9,"invalid_legacy,missing_from_latest_snapshot,stale_active",,
0220,DS 코스닥액티브,KOSPI,stock,9,"invalid_legacy,missing_from_latest_snapshot,stale_active",,
0221,IBK 초단기채권액티브,KOSPI,stock,9,"invalid_legacy,missing_from_latest_snapshot,stale_active",,
0223,TIGER 미국테크NYSE100액티브,KOSPI,stock,9,"invalid_legacy,missing_from_latest_snapshot,stale_active",,
0224,1Q 엔비디아알파벳미국채혼합50,KOSPI,stock,9,"invalid_legacy,missing_from_latest_snapshot,stale_active",,
0225,KODEX 미국CPU반도체TOP10,KOSPI,stock,9,"invalid_legacy,missing_from_latest_snapshot,stale_active",,
0226,PLUS SK하이닉스샌디스크채권혼합50,KOSPI,stock,9,"invalid_legacy,missing_from_latest_snapshot,stale_active",,
0228,ACE 반도체Plus전략산업,KOSPI,stock,9,"invalid_legacy,missing_from_latest_snapshot,stale_active",,
02826,삼성물산우B,KOSPI,stock,9,"invalid_legacy,prefix_collision,missing_from_latest_snapshot,stale_active",02826K,02826K
031440,신세계푸드,KOSPI,stock,,"missing_from_latest_snapshot,stale_active",,
032980,바이온,KOSDAQ,stock,,"missing_from_latest_snapshot,stale_active",,
03473,SK우,KOSPI,stock,9,"invalid_legacy,prefix_collision,missing_from_latest_snapshot,stale_active",03473K,03473K
03481,해성산업1우,KOSDAQ,stock,9,"invalid_legacy,prefix_collision,missing_from_latest_snapshot,stale_active",03481K,03481K
043090,더테크놀로지,KOSDAQ,stock,,"missing_from_latest_snapshot,stale_active",,
057050,현대홈쇼핑,KOSPI,stock,,"missing_from_latest_snapshot,stale_active",,
060240,스타코링크,KOSDAQ,stock,,"missing_from_latest_snapshot,stale_active",,
101390,아이엠,KOSDAQ,stock,,"missing_from_latest_snapshot,stale_active",,
106520,노블엠앤비,KOSDAQ,stock,,"missing_from_latest_snapshot,stale_active",,
18064,한진칼우,KOSPI,stock,9,"invalid_legacy,prefix_collision,missing_from_latest_snapshot,stale_active",18064K,18064K
203690,아크솔루션스,KOSDAQ,stock,,"missing_from_latest_snapshot,stale_active",,
222160,NPX,KOSDAQ,stock,,"missing_from_latest_snapshot,stale_active",,
227100,프로브잇,KOSDAQ,stock,,"missing_from_latest_snapshot,stale_active",,
230360,에코마케팅,KOSDAQ,stock,,"missing_from_latest_snapshot,stale_active",,
230980,비유테크놀러지,KOSDAQ,stock,,"missing_from_latest_snapshot,stale_active",,
28513,SK케미칼우,KOSPI,stock,9,"invalid_legacy,prefix_collision,missing_from_latest_snapshot,stale_active",28513K,28513K
299900,위지윅스튜디오,KOSDAQ,stock,8,"missing_from_latest_snapshot,stale_active",,
33626,두산퓨얼셀1우,KOSPI,stock,9,"invalid_legacy,prefix_collision,missing_from_latest_snapshot,stale_active",33626K,33626K
33637,솔루스첨단소재1우,KOSPI,stock,9,"invalid_legacy,prefix_collision,missing_from_latest_snapshot,stale_active",33637K,33637K
35320,대덕전자1우,KOSPI,stock,9,"invalid_legacy,prefix_collision,missing_from_latest_snapshot,stale_active",35320K,35320K
37550,DL이앤씨2우(전환),KOSPI,stock,9,"invalid_legacy,prefix_collision,missing_from_latest_snapshot,stale_active",37550L,37550L
451700,엔에이치스팩29호,KOSDAQ,stock,,"missing_from_latest_snapshot,stale_active",,
45226,한화갤러리아우,KOSPI,stock,,"invalid_legacy,prefix_collision,missing_from_latest_snapshot,stale_active",45226K,45226K
461270,ACE 26-06 회사채(AA-이상)액티브,KOSPI,etf,,"missing_from_latest_snapshot,stale_active",,
464440,한국제13호스팩,KOSDAQ,stock,,"missing_from_latest_snapshot,stale_active",,
464680,KB제27호스팩,KOSDAQ,stock,,"missing_from_latest_snapshot,stale_active",,
467930,IBKS제23호스팩,KOSDAQ,stock,,"missing_from_latest_snapshot,stale_active",,
469880,하나30호스팩,KOSDAQ,stock,,"missing_from_latest_snapshot,stale_active",,
483420,ACE 애플밸류체인액티브,KOSPI,etf,,"missing_from_latest_snapshot,stale_active",,
495710,BNK 26-06 특수채(AAA이상)액티브,KOSPI,stock,,"missing_from_latest_snapshot,stale_active",,
500020,신한 레버리지 다우존스지수 선물 ETN(H),KOSPI,etn,,"missing_from_latest_snapshot,stale_active",,
500082,신한 블룸버그 2X 천연가스 선물 ETN,KOSPI,etn,,"missing_from_latest_snapshot,stale_active",,
520068,미래에셋 2X 홍콩H 선물 ETN,KOSPI,etn,,"missing_from_latest_snapshot,stale_active",,
530036,삼성 인버스 2X WTI원유 선물 ETN,KOSPI,etn,,"missing_from_latest_snapshot,stale_active",,
530083,삼성 금 선물 ETN(H),KOSPI,etn,,"missing_from_latest_snapshot,stale_active",,
550062,N2 레버리지 금 선물 ETN(H),KOSPI,etn,,"missing_from_latest_snapshot,stale_active",,
570059,한투 레버리지금선물 ETN,KOSPI,etn,,"missing_from_latest_snapshot,stale_active",,
570093,한투 레버리지천연가스선물 ETN B,KOSPI,etn,,"missing_from_latest_snapshot,stale_active",,
580022,KB 레버리지 금 선물 ETN(H),KOSPI,etn,,"missing_from_latest_snapshot,stale_active",,
610008,메리츠 레버리지 국채30년 ETN,KOSPI,etn,,"missing_from_latest_snapshot,stale_active",,
610009,메리츠 인버스 국채30년 ETN,KOSPI,etn,,"missing_from_latest_snapshot,stale_active",,
610012,메리츠 레버리지 금 선물 ETN(H),KOSPI,etn,,"missing_from_latest_snapshot,stale_active",,
