instrument_id,code,trade_date,status,reasons,provider
1304,074610,2013-01-10,review_required,EXTREME_RETURN_REVIEW,kiwoom
1110,054300,2013-05-13,review_required,EXTREME_RETURN_REVIEW,kiwoom
1672,123840,2013-05-24,review_required,EXTREME_RETURN_REVIEW,kiwoom
1005,046210,2013-07-05,review_required,EXTREME_RETURN_REVIEW,kiwoom
852,035420,2013-08-29,review_required,EXTREME_RETURN_REVIEW,kiwoom
792,032350,2013-09-06,review_required,EXTREME_RETURN_REVIEW,kiwoom
904,037950,2013-11-22,review_required,EXTREME_RETURN_REVIEW,kiwoom
765,028670,2014-01-24,review_required,EXTREME_RETURN_REVIEW,kiwoom
918,038880,2014-03-24,review_required,EXTREME_RETURN_REVIEW,kiwoom
982,043710,2014-05-26,review_required,EXTREME_RETURN_REVIEW,kiwoom
1167,060980,2014-10-06,review_required,EXTREME_RETURN_REVIEW,kiwoom
1888,200130,2014-10-17,review_required,EXTREME_RETURN_REVIEW,kiwoom
1906,205100,2015-02-13,review_required,EXTREME_RETURN_REVIEW,kiwoom
1650,121440,2015-04-03,review_required,EXTREME_RETURN_REVIEW,kiwoom
1290,072870,2015-05-04,review_required,EXTREME_RETURN_REVIEW,kiwoom
1287,072470,2015-05-06,review_required,EXTREME_RETURN_REVIEW,kiwoom
1313,077970,2015-05-07,review_required,EXTREME_RETURN_REVIEW,kiwoom
1911,206640,2015-06-01,review_required,EXTREME_RETURN_REVIEW,kiwoom
809,032960,2015-06-22,review_required,EXTREME_RETURN_REVIEW,kiwoom
696,023440,2015-06-23,review_required,EXTREME_RETURN_REVIEW,kiwoom
1131,057540,2015-06-23,review_required,EXTREME_RETURN_REVIEW,kiwoom
1203,065500,2015-07-01,review_required,EXTREME_RETURN_REVIEW,kiwoom
1913,207760,2015-07-10,review_required,EXTREME_RETURN_REVIEW,kiwoom
1300,073570,2015-07-23,review_required,EXTREME_RETURN_REVIEW,kiwoom
1605,109740,2015-07-31,review_required,EXTREME_RETURN_REVIEW,kiwoom
666,019660,2015-08-06,review_required,EXTREME_RETURN_REVIEW,kiwoom
885,036710,2015-08-07,review_required,EXTREME_RETURN_REVIEW,kiwoom
1001,045660,2015-08-25,review_required,EXTREME_RETURN_REVIEW,kiwoom
1029,048870,2015-09-01,review_required,EXTREME_RETURN_REVIEW,kiwoom
579,014470,2015-09-04,review_required,EXTREME_RETURN_REVIEW,kiwoom
1029,048870,2015-09-08,review_required,EXTREME_RETURN_REVIEW,kiwoom
540,012340,2015-09-23,review_required,EXTREME_RETURN_REVIEW,kiwoom
1736,139670,2015-10-19,review_required,EXTREME_RETURN_REVIEW,kiwoom
1022,048410,2015-10-20,review_required,EXTREME_RETURN_REVIEW,kiwoom
1157,060370,2015-10-22,review_required,EXTREME_RETURN_REVIEW,kiwoom
1029,048870,2015-11-05,review_required,EXTREME_RETURN_REVIEW,kiwoom
1029,048870,2015-11-10,review_required,EXTREME_RETURN_REVIEW,kiwoom
666,019660,2015-11-18,review_required,EXTREME_RETURN_REVIEW,kiwoom
332,005860,2015-11-24,review_required,EXTREME_RETURN_REVIEW,kiwoom
1875,196450,2015-11-25,review_required,EXTREME_RETURN_REVIEW,kiwoom
908,038110,2015-12-02,review_required,EXTREME_RETURN_REVIEW,kiwoom
1532,099410,2015-12-08,review_required,EXTREME_RETURN_REVIEW,kiwoom
1187,064520,2015-12-17,review_required,EXTREME_RETURN_REVIEW,kiwoom
1653,121850,2015-12-23,review_required,EXTREME_RETURN_REVIEW,kiwoom
1018,047770,2015-12-24,review_required,EXTREME_RETURN_REVIEW,kiwoom
1983,224060,2015-12-30,review_required,EXTREME_RETURN_REVIEW,kiwoom
648,018290,2016-01-08,review_required,EXTREME_RETURN_REVIEW,kiwoom
429,008830,2016-01-11,review_required,EXTREME_RETURN_REVIEW,kiwoom
1047,050110,2016-01-12,review_required,EXTREME_RETURN_REVIEW,kiwoom
1039,049550,2016-01-22,review_required,EXTREME_RETURN_REVIEW,kiwoom
988,044480,2016-02-01,review_required,EXTREME_RETURN_REVIEW,kiwoom
1491,094840,2016-02-05,review_required,EXTREME_RETURN_REVIEW,kiwoom
1672,123840,2016-02-23,review_required,EXTREME_RETURN_REVIEW,kiwoom
1497,095270,2016-03-04,review_required,EXTREME_RETURN_REVIEW,kiwoom
665,019570,2016-03-16,review_required,EXTREME_RETURN_REVIEW,kiwoom
665,019570,2016-03-18,review_required,EXTREME_RETURN_REVIEW,kiwoom
648,018290,2016-03-23,review_required,EXTREME_RETURN_REVIEW,kiwoom
1029,048870,2016-04-26,review_required,EXTREME_RETURN_REVIEW,kiwoom
776,030530,2016-05-02,review_required,EXTREME_RETURN_REVIEW,kiwoom
1040,049630,2016-05-26,review_required,EXTREME_RETURN_REVIEW,kiwoom
1284,071970,2016-05-31,review_required,EXTREME_RETURN_REVIEW,kiwoom
1379,084110,2016-06-03,review_required,EXTREME_RETURN_REVIEW,kiwoom
880,036620,2016-06-21,review_required,EXTREME_RETURN_REVIEW,kiwoom
1217,066410,2016-06-23,review_required,EXTREME_RETURN_REVIEW,kiwoom
1934,214270,2016-06-24,review_required,EXTREME_RETURN_REVIEW,kiwoom
1971,220260,2016-07-07,review_required,EXTREME_RETURN_REVIEW,kiwoom
1364,082800,2016-07-20,review_required,EXTREME_RETURN_REVIEW,kiwoom
1487,094360,2016-08-16,review_required,EXTREME_RETURN_REVIEW,kiwoom
1943,214680,2016-08-26,review_required,EXTREME_RETURN_REVIEW,kiwoom
1293,073010,2016-09-09,review_required,EXTREME_RETURN_REVIEW,kiwoom
1590,106240,2016-09-23,review_required,EXTREME_RETURN_REVIEW,kiwoom
1746,142210,2016-10-10,review_required,EXTREME_RETURN_REVIEW,kiwoom
703,023790,2016-10-31,review_required,EXTREME_RETURN_REVIEW,kiwoom
807,032860,2016-10-31,review_required,EXTREME_RETURN_REVIEW,kiwoom
1085,053060,2016-10-31,review_required,EXTREME_RETURN_REVIEW,kiwoom
2029,239610,2016-11-08,review_required,EXTREME_RETURN_REVIEW,kiwoom
1051,050890,2016-11-23,review_required,EXTREME_RETURN_REVIEW,kiwoom
1698,130500,2016-11-25,review_required,EXTREME_RETURN_REVIEW,kiwoom
1129,056730,2017-01-13,review_required,EXTREME_RETURN_REVIEW,kiwoom
983,043910,2017-02-28,review_required,EXTREME_RETURN_REVIEW,kiwoom
745,026150,2017-03-13,review_required,EXTREME_RETURN_REVIEW,kiwoom
1946,215100,2017-03-17,review_required,EXTREME_RETURN_REVIEW,kiwoom
1982,223310,2017-03-21,review_required,EXTREME_RETURN_REVIEW,kiwoom
803,032800,2017-04-13,review_required,EXTREME_RETURN_REVIEW,kiwoom
1423,088800,2017-04-13,review_required,EXTREME_RETURN_REVIEW,kiwoom
1899,203650,2017-04-19,review_required,EXTREME_RETURN_REVIEW,kiwoom
1180,064090,2017-05-02,review_required,EXTREME_RETURN_REVIEW,kiwoom
1601,109070,2017-06-29,review_required,EXTREME_RETURN_REVIEW,kiwoom
2029,239610,2017-11-28,review_required,EXTREME_RETURN_REVIEW,kiwoom
866,036090,2017-12-15,review_required,EXTREME_RETURN_REVIEW,kiwoom
1672,123840,2017-12-18,review_required,EXTREME_RETURN_REVIEW,kiwoom
1074,052420,2017-12-21,review_required,EXTREME_RETURN_REVIEW,kiwoom
757,027830,2018-01-11,review_required,EXTREME_RETURN_REVIEW,kiwoom
1535,099520,2018-01-11,review_required,EXTREME_RETURN_REVIEW,kiwoom
880,036620,2018-01-15,review_required,EXTREME_RETURN_REVIEW,kiwoom
702,023770,2018-01-22,review_required,EXTREME_RETURN_REVIEW,kiwoom
1512,096690,2018-01-29,review_required,EXTREME_RETURN_REVIEW,kiwoom
2067,252500,2018-01-29,review_required,EXTREME_RETURN_REVIEW,kiwoom
866,036090,2018-01-30,review_required,EXTREME_RETURN_REVIEW,kiwoom
675,020400,2018-02-06,review_required,EXTREME_RETURN_REVIEW,kiwoom
1637,117670,2018-02-08,review_required,EXTREME_RETURN_REVIEW,kiwoom
2087,260660,2018-02-13,review_required,EXTREME_RETURN_REVIEW,kiwoom
2067,252500,2018-03-06,review_required,EXTREME_RETURN_REVIEW,kiwoom
2067,252500,2018-04-02,review_required,EXTREME_RETURN_REVIEW,kiwoom
1034,049180,2018-04-12,review_required,EXTREME_RETURN_REVIEW,kiwoom
1982,223310,2018-04-12,review_required,EXTREME_RETURN_REVIEW,kiwoom
1601,109070,2018-04-16,review_required,EXTREME_RETURN_REVIEW,kiwoom
652,018620,2018-04-17,review_required,EXTREME_RETURN_REVIEW,kiwoom
1494,094940,2018-04-27,review_required,EXTREME_RETURN_REVIEW,kiwoom
1171,061970,2018-05-24,review_required,EXTREME_RETURN_REVIEW,kiwoom
983,043910,2018-05-28,review_required,EXTREME_RETURN_REVIEW,kiwoom
1494,094940,2018-05-30,review_required,EXTREME_RETURN_REVIEW,kiwoom
1471,092600,2018-06-28,review_required,EXTREME_RETURN_REVIEW,kiwoom
1217,066410,2018-08-08,review_required,EXTREME_RETURN_REVIEW,kiwoom
723,024910,2018-08-16,review_required,EXTREME_RETURN_REVIEW,kiwoom
1771,149980,2018-09-17,review_required,EXTREME_RETURN_REVIEW,kiwoom
1068,052020,2018-09-19,review_required,EXTREME_RETURN_REVIEW,kiwoom
1917,208370,2018-09-21,review_required,EXTREME_RETURN_REVIEW,kiwoom
1861,192410,2018-09-28,review_required,EXTREME_RETURN_REVIEW,kiwoom
1826,179900,2018-10-25,review_required,EXTREME_RETURN_REVIEW,kiwoom
1987,225430,2019-01-22,review_required,EXTREME_RETURN_REVIEW,kiwoom
1962,217820,2019-03-21,review_required,EXTREME_RETURN_REVIEW,kiwoom
1955,217190,2019-04-02,review_required,EXTREME_RETURN_REVIEW,kiwoom
754,027580,2019-05-10,review_required,EXTREME_RETURN_REVIEW,kiwoom
2051,246710,2019-05-14,review_required,EXTREME_RETURN_REVIEW,kiwoom
1091,053280,2019-05-16,review_required,EXTREME_RETURN_REVIEW,kiwoom
1373,083640,2019-05-23,review_required,EXTREME_RETURN_REVIEW,kiwoom
2290,322780,2019-06-03,review_required,EXTREME_RETURN_REVIEW,kiwoom
764,028300,2019-06-27,review_required,EXTREME_RETURN_REVIEW,kiwoom
1739,140410,2019-07-01,review_required,EXTREME_RETURN_REVIEW,kiwoom
1913,207760,2019-07-12,review_required,EXTREME_RETURN_REVIEW,kiwoom
540,012340,2019-07-15,review_required,EXTREME_RETURN_REVIEW,kiwoom
1107,054180,2019-08-07,review_required,EXTREME_RETURN_REVIEW,kiwoom
851,035290,2019-09-10,review_required,EXTREME_RETURN_REVIEW,kiwoom
1391,084990,2019-09-25,review_required,EXTREME_RETURN_REVIEW,kiwoom
1074,052420,2019-10-01,review_required,EXTREME_RETURN_REVIEW,kiwoom
1504,095720,2019-10-11,review_required,EXTREME_RETURN_REVIEW,kiwoom
1987,225430,2019-11-26,review_required,EXTREME_RETURN_REVIEW,kiwoom
1133,058110,2020-01-28,review_required,EXTREME_RETURN_REVIEW,kiwoom
617,016600,2020-02-13,review_required,EXTREME_RETURN_REVIEW,kiwoom
2106,263920,2020-02-13,review_required,EXTREME_RETURN_REVIEW,kiwoom
1020,047820,2020-02-17,review_required,EXTREME_RETURN_REVIEW,kiwoom
1894,200780,2020-02-24,review_required,EXTREME_RETURN_REVIEW,kiwoom
1907,205470,2020-03-12,review_required,EXTREME_RETURN_REVIEW,kiwoom
823,033340,2020-03-18,review_required,EXTREME_RETURN_REVIEW,kiwoom
1103,053980,2020-03-18,review_required,EXTREME_RETURN_REVIEW,kiwoom
1746,142210,2020-03-19,review_required,EXTREME_RETURN_REVIEW,kiwoom
1907,205470,2020-03-26,review_required,EXTREME_RETURN_REVIEW,kiwoom
655,018700,2020-04-01,review_required,EXTREME_RETURN_REVIEW,kiwoom
857,035620,2020-04-01,review_required,EXTREME_RETURN_REVIEW,kiwoom
465,009730,2020-04-13,review_required,EXTREME_RETURN_REVIEW,kiwoom
1409,086900,2020-04-20,review_required,EXTREME_RETURN_REVIEW,kiwoom
1994,226400,2020-06-09,review_required,EXTREME_RETURN_REVIEW,kiwoom
1967,219550,2020-06-15,review_required,EXTREME_RETURN_REVIEW,kiwoom
465,009730,2020-06-16,review_required,EXTREME_RETURN_REVIEW,kiwoom
1907,205470,2020-06-16,review_required,EXTREME_RETURN_REVIEW,kiwoom
1907,205470,2020-06-18,review_required,EXTREME_RETURN_REVIEW,kiwoom
2254,311690,2020-06-19,review_required,EXTREME_RETURN_REVIEW,kiwoom
2281,320000,2020-06-22,review_required,EXTREME_RETURN_REVIEW,kiwoom
1409,086900,2020-07-07,review_required,EXTREME_RETURN_REVIEW,kiwoom
833,034020,2020-07-21,review_required,EXTREME_RETURN_REVIEW,kiwoom
1822,178780,2020-08-18,review_required,EXTREME_RETURN_REVIEW,kiwoom
1912,206650,2020-08-18,review_required,EXTREME_RETURN_REVIEW,kiwoom
1603,109610,2020-08-20,review_required,EXTREME_RETURN_REVIEW,kiwoom
1676,124560,2020-08-28,review_required,EXTREME_RETURN_REVIEW,kiwoom
1307,075580,2020-09-07,review_required,EXTREME_RETURN_REVIEW,kiwoom
2041,241820,2020-09-22,review_required,EXTREME_RETURN_REVIEW,kiwoom
2217,299660,2020-10-05,review_required,EXTREME_RETURN_REVIEW,kiwoom
2294,323990,2020-11-03,review_required,EXTREME_RETURN_REVIEW,kiwoom
2294,323990,2020-11-16,review_required,EXTREME_RETURN_REVIEW,kiwoom
2072,254120,2020-11-20,review_required,EXTREME_RETURN_REVIEW,kiwoom
1107,054180,2020-12-17,review_required,EXTREME_RETURN_REVIEW,kiwoom
2347,347860,2020-12-22,review_required,EXTREME_RETURN_REVIEW,kiwoom
1373,083640,2021-01-27,review_required,EXTREME_RETURN_REVIEW,kiwoom
1936,214330,2021-01-27,review_required,EXTREME_RETURN_REVIEW,kiwoom
1861,192410,2021-02-02,review_required,EXTREME_RETURN_REVIEW,kiwoom
1067,051980,2021-02-22,review_required,EXTREME_RETURN_REVIEW,kiwoom
1676,124560,2021-03-26,review_required,EXTREME_RETURN_REVIEW,kiwoom
1212,065770,2021-04-12,review_required,EXTREME_RETURN_REVIEW,kiwoom
1375,083660,2021-04-29,review_required,EXTREME_RETURN_REVIEW,kiwoom
1907,205470,2021-06-23,review_required,EXTREME_RETURN_REVIEW,kiwoom
1194,065060,2021-07-09,review_required,EXTREME_RETURN_REVIEW,kiwoom
913,038530,2021-07-12,review_required,EXTREME_RETURN_REVIEW,kiwoom
2457,382840,2021-10-19,review_required,EXTREME_RETURN_REVIEW,kiwoom
1512,096690,2021-12-20,review_required,EXTREME_RETURN_REVIEW,kiwoom
1282,071850,2022-01-13,review_required,EXTREME_RETURN_REVIEW,kiwoom
1968,219750,2022-03-14,review_required,EXTREME_RETURN_REVIEW,kiwoom
1739,140410,2022-03-21,review_required,EXTREME_RETURN_REVIEW,kiwoom
1225,066790,2022-03-24,review_required,EXTREME_RETURN_REVIEW,kiwoom
851,035290,2022-04-28,review_required,EXTREME_RETURN_REVIEW,kiwoom
1693,128820,2022-05-17,review_required,EXTREME_RETURN_REVIEW,kiwoom
2050,246690,2022-06-15,review_required,EXTREME_RETURN_REVIEW,kiwoom
851,035290,2022-07-06,review_required,EXTREME_RETURN_REVIEW,kiwoom
1835,183490,2022-08-17,review_required,EXTREME_RETURN_REVIEW,kiwoom
851,035290,2022-09-07,review_required,EXTREME_RETURN_REVIEW,kiwoom
622,016790,2022-09-26,review_required,EXTREME_RETURN_REVIEW,kiwoom
1428,089140,2022-10-07,review_required,EXTREME_RETURN_REVIEW,kiwoom
503,011080,2022-10-20,review_required,EXTREME_RETURN_REVIEW,kiwoom
1536,099750,2022-12-02,review_required,EXTREME_RETURN_REVIEW,kiwoom
2210,298060,2022-12-05,review_required,EXTREME_RETURN_REVIEW,kiwoom
1844,187790,2023-01-16,review_required,EXTREME_RETURN_REVIEW,kiwoom
2260,315640,2023-02-09,review_required,EXTREME_RETURN_REVIEW,kiwoom
2510,407400,2023-02-10,review_required,EXTREME_RETURN_REVIEW,kiwoom
1521,097870,2023-02-17,review_required,SOURCE_UNVERIFIED|ADJUSTMENT_UNVERIFIED,naver
1521,097870,2023-02-20,review_required,SOURCE_UNVERIFIED|ADJUSTMENT_UNVERIFIED,naver
1521,097870,2023-02-21,review_required,SOURCE_UNVERIFIED|ADJUSTMENT_UNVERIFIED,naver
1521,097870,2023-02-22,review_required,SOURCE_UNVERIFIED|ADJUSTMENT_UNVERIFIED,naver
1521,097870,2023-02-23,review_required,SOURCE_UNVERIFIED|ADJUSTMENT_UNVERIFIED,naver
1521,097870,2023-02-24,review_required,SOURCE_UNVERIFIED|ADJUSTMENT_UNVERIFIED,naver
1521,097870,2023-02-27,review_required,SOURCE_UNVERIFIED|ADJUSTMENT_UNVERIFIED,naver
1917,208370,2023-02-27,review_required,EXTREME_RETURN_REVIEW,kiwoom
1521,097870,2023-02-28,review_required,SOURCE_UNVERIFIED|ADJUSTMENT_UNVERIFIED,naver
1521,097870,2023-03-02,review_required,SOURCE_UNVERIFIED|ADJUSTMENT_UNVERIFIED,naver
1521,097870,2023-03-03,review_required,SOURCE_UNVERIFIED|ADJUSTMENT_UNVERIFIED,naver
1521,097870,2023-03-06,review_required,SOURCE_UNVERIFIED|ADJUSTMENT_UNVERIFIED,naver
1521,097870,2023-03-07,review_required,SOURCE_UNVERIFIED|ADJUSTMENT_UNVERIFIED,naver
1653,121850,2023-03-07,review_required,EXTREME_RETURN_REVIEW,kiwoom
1521,097870,2023-03-08,review_required,SOURCE_UNVERIFIED|ADJUSTMENT_UNVERIFIED,naver
1521,097870,2023-03-09,review_required,SOURCE_UNVERIFIED|ADJUSTMENT_UNVERIFIED,naver
1521,097870,2023-03-10,review_required,SOURCE_UNVERIFIED|ADJUSTMENT_UNVERIFIED,naver
1521,097870,2023-03-13,review_required,SOURCE_UNVERIFIED|ADJUSTMENT_UNVERIFIED,naver
1521,097870,2023-03-14,review_required,SOURCE_UNVERIFIED|ADJUSTMENT_UNVERIFIED,naver
1521,097870,2023-03-15,review_required,SOURCE_UNVERIFIED|ADJUSTMENT_UNVERIFIED,naver
979,043590,2023-03-16,review_required,EXTREME_RETURN_REVIEW,kiwoom
1521,097870,2023-03-16,review_required,SOURCE_UNVERIFIED|ADJUSTMENT_UNVERIFIED,naver
1521,097870,2023-03-17,review_required,SOURCE_UNVERIFIED|ADJUSTMENT_UNVERIFIED,naver
1521,097870,2023-03-20,review_required,SOURCE_UNVERIFIED|ADJUSTMENT_UNVERIFIED,naver
1521,097870,2023-03-21,review_required,SOURCE_UNVERIFIED|ADJUSTMENT_UNVERIFIED,naver
1521,097870,2023-03-22,review_required,SOURCE_UNVERIFIED|ADJUSTMENT_UNVERIFIED,naver
1521,097870,2023-03-23,review_required,SOURCE_UNVERIFIED|ADJUSTMENT_UNVERIFIED,naver
1521,097870,2023-03-24,review_required,SOURCE_UNVERIFIED|ADJUSTMENT_UNVERIFIED,naver
2529,417840,2023-03-24,review_required,EXTREME_RETURN_REVIEW,kiwoom
1521,097870,2023-03-27,review_required,SOURCE_UNVERIFIED|ADJUSTMENT_UNVERIFIED,naver
1341,079950,2023-03-28,review_required,EXTREME_RETURN_REVIEW,kiwoom
1521,097870,2023-03-28,review_required,SOURCE_UNVERIFIED|ADJUSTMENT_UNVERIFIED,naver
1521,097870,2023-03-29,review_required,SOURCE_UNVERIFIED|ADJUSTMENT_UNVERIFIED,naver
1521,097870,2023-03-30,review_required,SOURCE_UNVERIFIED|ADJUSTMENT_UNVERIFIED,naver
1521,097870,2023-03-31,review_required,SOURCE_UNVERIFIED|ADJUSTMENT_UNVERIFIED,naver
1521,097870,2023-04-03,review_required,SOURCE_UNVERIFIED|ADJUSTMENT_UNVERIFIED,naver
1521,097870,2023-04-04,review_required,SOURCE_UNVERIFIED|ADJUSTMENT_UNVERIFIED,naver
1521,097870,2023-04-05,review_required,SOURCE_UNVERIFIED|ADJUSTMENT_UNVERIFIED,naver
1521,097870,2023-04-06,review_required,SOURCE_UNVERIFIED|ADJUSTMENT_UNVERIFIED,naver
1521,097870,2023-04-07,review_required,SOURCE_UNVERIFIED|ADJUSTMENT_UNVERIFIED,naver
1521,097870,2023-04-10,review_required,SOURCE_UNVERIFIED|ADJUSTMENT_UNVERIFIED,naver
960,042040,2023-04-11,review_required,EXTREME_RETURN_REVIEW,kiwoom
1521,097870,2023-04-11,review_required,SOURCE_UNVERIFIED|ADJUSTMENT_UNVERIFIED,naver
1521,097870,2023-04-12,review_required,SOURCE_UNVERIFIED|ADJUSTMENT_UNVERIFIED,naver
1521,097870,2023-04-13,review_required,SOURCE_UNVERIFIED|ADJUSTMENT_UNVERIFIED,naver
1521,097870,2023-04-14,review_required,SOURCE_UNVERIFIED|ADJUSTMENT_UNVERIFIED,naver
1521,097870,2023-04-17,review_required,SOURCE_UNVERIFIED|ADJUSTMENT_UNVERIFIED,naver
1521,097870,2023-04-18,review_required,SOURCE_UNVERIFIED|ADJUSTMENT_UNVERIFIED,naver
1521,097870,2023-04-19,review_required,SOURCE_UNVERIFIED|ADJUSTMENT_UNVERIFIED,naver
2269,317770,2023-04-19,review_required,EXTREME_RETURN_REVIEW,kiwoom
1521,097870,2023-04-20,review_required,SOURCE_UNVERIFIED|ADJUSTMENT_UNVERIFIED,naver
1521,097870,2023-04-21,review_required,SOURCE_UNVERIFIED|ADJUSTMENT_UNVERIFIED,naver
1521,097870,2023-04-24,review_required,SOURCE_UNVERIFIED|ADJUSTMENT_UNVERIFIED,naver
913,038530,2023-04-25,review_required,EXTREME_RETURN_REVIEW,kiwoom
1521,097870,2023-04-25,review_required,SOURCE_UNVERIFIED|ADJUSTMENT_UNVERIFIED,naver
1521,097870,2023-04-26,review_required,SOURCE_UNVERIFIED|ADJUSTMENT_UNVERIFIED,naver
1521,097870,2023-04-27,review_required,SOURCE_UNVERIFIED|ADJUSTMENT_UNVERIFIED,naver
1521,097870,2023-04-28,review_required,SOURCE_UNVERIFIED|ADJUSTMENT_UNVERIFIED,naver
1521,097870,2023-05-02,review_required,SOURCE_UNVERIFIED|ADJUSTMENT_UNVERIFIED,naver
1521,097870,2023-05-03,review_required,SOURCE_UNVERIFIED|ADJUSTMENT_UNVERIFIED,naver
1521,097870,2023-05-04,review_required,SOURCE_UNVERIFIED|ADJUSTMENT_UNVERIFIED,naver
1521,097870,2023-05-08,review_required,SOURCE_UNVERIFIED|ADJUSTMENT_UNVERIFIED,naver
1521,097870,2023-05-09,review_required,SOURCE_UNVERIFIED|ADJUSTMENT_UNVERIFIED,naver
1521,097870,2023-05-10,review_required,SOURCE_UNVERIFIED|ADJUSTMENT_UNVERIFIED,naver
1521,097870,2023-05-11,review_required,SOURCE_UNVERIFIED|ADJUSTMENT_UNVERIFIED,naver
1521,097870,2023-05-12,review_required,SOURCE_UNVERIFIED|ADJUSTMENT_UNVERIFIED,naver
1521,097870,2023-05-15,review_required,SOURCE_UNVERIFIED|ADJUSTMENT_UNVERIFIED,naver
1521,097870,2023-05-16,review_required,SOURCE_UNVERIFIED|ADJUSTMENT_UNVERIFIED,naver
1521,097870,2023-05-17,review_required,SOURCE_UNVERIFIED|ADJUSTMENT_UNVERIFIED,naver
1521,097870,2023-05-18,review_required,SOURCE_UNVERIFIED|ADJUSTMENT_UNVERIFIED,naver
1521,097870,2023-05-19,review_required,SOURCE_UNVERIFIED|ADJUSTMENT_UNVERIFIED,naver
1521,097870,2023-05-22,review_required,SOURCE_UNVERIFIED|ADJUSTMENT_UNVERIFIED,naver
2243,308100,2023-05-22,review_required,EXTREME_RETURN_REVIEW,kiwoom
1521,097870,2023-05-23,review_required,SOURCE_UNVERIFIED|ADJUSTMENT_UNVERIFIED,naver
1521,097870,2023-05-24,review_required,SOURCE_UNVERIFIED|ADJUSTMENT_UNVERIFIED,naver
1521,097870,2023-05-25,review_required,SOURCE_UNVERIFIED|ADJUSTMENT_UNVERIFIED,naver
1521,097870,2023-05-26,review_required,SOURCE_UNVERIFIED|ADJUSTMENT_UNVERIFIED,naver
2185,290690,2023-05-26,review_required,EXTREME_RETURN_REVIEW,kiwoom
1521,097870,2023-05-30,review_required,SOURCE_UNVERIFIED|ADJUSTMENT_UNVERIFIED,naver
1521,097870,2023-05-31,review_required,SOURCE_UNVERIFIED|ADJUSTMENT_UNVERIFIED,naver
1521,097870,2023-06-01,review_required,SOURCE_UNVERIFIED|ADJUSTMENT_UNVERIFIED,naver
1521,097870,2023-06-02,review_required,SOURCE_UNVERIFIED|ADJUSTMENT_UNVERIFIED,naver
1521,097870,2023-06-05,review_required,SOURCE_UNVERIFIED|ADJUSTMENT_UNVERIFIED,naver
1521,097870,2023-06-07,review_required,SOURCE_UNVERIFIED|ADJUSTMENT_UNVERIFIED,naver
1521,097870,2023-06-08,review_required,SOURCE_UNVERIFIED|ADJUSTMENT_UNVERIFIED,naver
1521,097870,2023-06-09,review_required,SOURCE_UNVERIFIED|ADJUSTMENT_UNVERIFIED,naver
1521,097870,2023-06-12,review_required,SOURCE_UNVERIFIED|ADJUSTMENT_UNVERIFIED,naver
1521,097870,2023-06-13,review_required,SOURCE_UNVERIFIED|ADJUSTMENT_UNVERIFIED,naver
1521,097870,2023-06-14,review_required,SOURCE_UNVERIFIED|ADJUSTMENT_UNVERIFIED,naver
1521,097870,2023-06-15,review_required,SOURCE_UNVERIFIED|ADJUSTMENT_UNVERIFIED,naver
1521,097870,2023-06-16,review_required,SOURCE_UNVERIFIED|ADJUSTMENT_UNVERIFIED,naver
1521,097870,2023-06-19,review_required,SOURCE_UNVERIFIED|ADJUSTMENT_UNVERIFIED,naver
1521,097870,2023-06-20,review_required,SOURCE_UNVERIFIED|ADJUSTMENT_UNVERIFIED,naver
1521,097870,2023-06-21,review_required,SOURCE_UNVERIFIED|ADJUSTMENT_UNVERIFIED,naver
1521,097870,2023-06-22,review_required,SOURCE_UNVERIFIED|ADJUSTMENT_UNVERIFIED,naver
1521,097870,2023-06-23,review_required,SOURCE_UNVERIFIED|ADJUSTMENT_UNVERIFIED,naver
2074,255220,2023-06-23,review_required,EXTREME_RETURN_REVIEW,kiwoom
1485,094170,2023-06-26,review_required,EXTREME_RETURN_REVIEW,kiwoom
1521,097870,2023-06-26,review_required,SOURCE_UNVERIFIED|ADJUSTMENT_UNVERIFIED,naver
1521,097870,2023-06-27,review_required,SOURCE_UNVERIFIED|ADJUSTMENT_UNVERIFIED,naver
1521,097870,2023-06-28,review_required,SOURCE_UNVERIFIED|ADJUSTMENT_UNVERIFIED,naver
1521,097870,2023-06-29,review_required,SOURCE_UNVERIFIED|ADJUSTMENT_UNVERIFIED,naver
1521,097870,2023-06-30,review_required,SOURCE_UNVERIFIED|ADJUSTMENT_UNVERIFIED,naver
1521,097870,2023-07-03,review_required,SOURCE_UNVERIFIED|ADJUSTMENT_UNVERIFIED,naver
1521,097870,2023-07-04,review_required,SOURCE_UNVERIFIED|ADJUSTMENT_UNVERIFIED,naver
1521,097870,2023-07-05,review_required,SOURCE_UNVERIFIED|ADJUSTMENT_UNVERIFIED,naver
1521,097870,2023-07-06,review_required,SOURCE_UNVERIFIED|ADJUSTMENT_UNVERIFIED,naver
1521,097870,2023-07-07,review_required,SOURCE_UNVERIFIED|ADJUSTMENT_UNVERIFIED,naver
1521,097870,2023-07-10,review_required,SOURCE_UNVERIFIED|ADJUSTMENT_UNVERIFIED,naver
1521,097870,2023-07-11,review_required,SOURCE_UNVERIFIED|ADJUSTMENT_UNVERIFIED,naver
1521,097870,2023-07-12,review_required,SOURCE_UNVERIFIED|ADJUSTMENT_UNVERIFIED,naver
1521,097870,2023-07-13,review_required,SOURCE_UNVERIFIED|ADJUSTMENT_UNVERIFIED,naver
2291,323280,2023-07-13,review_required,EXTREME_RETURN_REVIEW,kiwoom
1521,097870,2023-07-14,review_required,SOURCE_UNVERIFIED|ADJUSTMENT_UNVERIFIED,naver
1521,097870,2023-07-17,review_required,SOURCE_UNVERIFIED|ADJUSTMENT_UNVERIFIED,naver
1521,097870,2023-07-18,review_required,SOURCE_UNVERIFIED|ADJUSTMENT_UNVERIFIED,naver
1521,097870,2023-07-19,review_required,SOURCE_UNVERIFIED|ADJUSTMENT_UNVERIFIED,naver
1521,097870,2023-07-20,review_required,SOURCE_UNVERIFIED|ADJUSTMENT_UNVERIFIED,naver
1521,097870,2023-07-21,review_required,SOURCE_UNVERIFIED|ADJUSTMENT_UNVERIFIED,naver
1992,226330,2023-07-21,review_required,EXTREME_RETURN_REVIEW,kiwoom
1521,097870,2023-07-24,review_required,SOURCE_UNVERIFIED|ADJUSTMENT_UNVERIFIED,naver
1521,097870,2023-07-25,review_required,SOURCE_UNVERIFIED|ADJUSTMENT_UNVERIFIED,naver
1521,097870,2023-07-26,review_required,SOURCE_UNVERIFIED|ADJUSTMENT_UNVERIFIED,naver
1521,097870,2023-07-27,review_required,SOURCE_UNVERIFIED|ADJUSTMENT_UNVERIFIED,naver
1521,097870,2023-07-28,review_required,SOURCE_UNVERIFIED|ADJUSTMENT_UNVERIFIED,naver
1521,097870,2023-07-31,review_required,SOURCE_UNVERIFIED|ADJUSTMENT_UNVERIFIED,naver
1521,097870,2023-08-01,review_required,SOURCE_UNVERIFIED|ADJUSTMENT_UNVERIFIED,naver
1521,097870,2023-08-02,review_required,SOURCE_UNVERIFIED|ADJUSTMENT_UNVERIFIED,naver
1521,097870,2023-08-03,review_required,SOURCE_UNVERIFIED|ADJUSTMENT_UNVERIFIED,naver
1521,097870,2023-08-04,review_required,SOURCE_UNVERIFIED|ADJUSTMENT_UNVERIFIED,naver
1521,097870,2023-08-07,review_required,SOURCE_UNVERIFIED|ADJUSTMENT_UNVERIFIED,naver
1521,097870,2023-08-08,review_required,SOURCE_UNVERIFIED|ADJUSTMENT_UNVERIFIED,naver
1521,097870,2023-08-09,review_required,SOURCE_UNVERIFIED|ADJUSTMENT_UNVERIFIED,naver
1521,097870,2023-08-10,review_required,SOURCE_UNVERIFIED|ADJUSTMENT_UNVERIFIED,naver
1521,097870,2023-08-11,review_required,SOURCE_UNVERIFIED|ADJUSTMENT_UNVERIFIED,naver
1786,159910,2023-08-11,review_required,EXTREME_RETURN_REVIEW,kiwoom
851,035290,2023-08-14,review_required,EXTREME_RETURN_REVIEW,kiwoom
1521,097870,2023-08-14,review_required,SOURCE_UNVERIFIED|ADJUSTMENT_UNVERIFIED,naver
1521,097870,2023-08-16,review_required,SOURCE_UNVERIFIED|ADJUSTMENT_UNVERIFIED,naver
1521,097870,2023-08-17,review_required,SOURCE_UNVERIFIED|ADJUSTMENT_UNVERIFIED,naver
1521,097870,2023-08-18,review_required,SOURCE_UNVERIFIED|ADJUSTMENT_UNVERIFIED,naver
1521,097870,2023-08-21,review_required,SOURCE_UNVERIFIED|ADJUSTMENT_UNVERIFIED,naver
1521,097870,2023-08-22,review_required,SOURCE_UNVERIFIED|ADJUSTMENT_UNVERIFIED,naver
1521,097870,2023-08-23,review_required,SOURCE_UNVERIFIED|ADJUSTMENT_UNVERIFIED,naver
1407,086820,2023-08-24,review_required,EXTREME_RETURN_REVIEW,kiwoom
1521,097870,2023-08-24,review_required,SOURCE_UNVERIFIED|ADJUSTMENT_UNVERIFIED,naver
1521,097870,2023-08-25,review_required,SOURCE_UNVERIFIED|ADJUSTMENT_UNVERIFIED,naver
1521,097870,2023-08-28,review_required,SOURCE_UNVERIFIED|ADJUSTMENT_UNVERIFIED,naver
1521,097870,2023-08-29,review_required,SOURCE_UNVERIFIED|ADJUSTMENT_UNVERIFIED,naver
1521,097870,2023-08-30,review_required,SOURCE_UNVERIFIED|ADJUSTMENT_UNVERIFIED,naver
1521,097870,2023-08-31,review_required,SOURCE_UNVERIFIED|ADJUSTMENT_UNVERIFIED,naver
1521,097870,2023-09-01,review_required,SOURCE_UNVERIFIED|ADJUSTMENT_UNVERIFIED,naver
1521,097870,2023-09-04,review_required,SOURCE_UNVERIFIED|ADJUSTMENT_UNVERIFIED,naver
1521,097870,2023-09-05,review_required,SOURCE_UNVERIFIED|ADJUSTMENT_UNVERIFIED,naver
1521,097870,2023-09-06,review_required,SOURCE_UNVERIFIED|ADJUSTMENT_UNVERIFIED,naver
1521,097870,2023-09-07,review_required,SOURCE_UNVERIFIED|ADJUSTMENT_UNVERIFIED,naver
1521,097870,2023-09-08,review_required,SOURCE_UNVERIFIED|ADJUSTMENT_UNVERIFIED,naver
1521,097870,2023-09-11,review_required,SOURCE_UNVERIFIED|ADJUSTMENT_UNVERIFIED,naver
1521,097870,2023-09-12,review_required,SOURCE_UNVERIFIED|ADJUSTMENT_UNVERIFIED,naver
1521,097870,2023-09-13,review_required,SOURCE_UNVERIFIED|ADJUSTMENT_UNVERIFIED,naver
1521,097870,2023-09-14,review_required,SOURCE_UNVERIFIED|ADJUSTMENT_UNVERIFIED,naver
1521,097870,2023-09-15,review_required,SOURCE_UNVERIFIED|ADJUSTMENT_UNVERIFIED,naver
1521,097870,2023-09-18,review_required,SOURCE_UNVERIFIED|ADJUSTMENT_UNVERIFIED,naver
1521,097870,2023-09-19,review_required,SOURCE_UNVERIFIED|ADJUSTMENT_UNVERIFIED,naver
1521,097870,2023-09-20,review_required,SOURCE_UNVERIFIED|ADJUSTMENT_UNVERIFIED,naver
1521,097870,2023-09-21,review_required,SOURCE_UNVERIFIED|ADJUSTMENT_UNVERIFIED,naver
1521,097870,2023-09-22,review_required,SOURCE_UNVERIFIED|ADJUSTMENT_UNVERIFIED,naver
1521,097870,2023-09-25,review_required,SOURCE_UNVERIFIED|ADJUSTMENT_UNVERIFIED,naver
1521,097870,2023-09-26,review_required,SOURCE_UNVERIFIED|ADJUSTMENT_UNVERIFIED,naver
1521,097870,2023-09-27,review_required,SOURCE_UNVERIFIED|ADJUSTMENT_UNVERIFIED,naver
1521,097870,2023-10-04,review_required,SOURCE_UNVERIFIED|ADJUSTMENT_UNVERIFIED,naver
1521,097870,2023-10-05,review_required,SOURCE_UNVERIFIED|ADJUSTMENT_UNVERIFIED,naver
1521,097870,2023-10-06,review_required,SOURCE_UNVERIFIED|ADJUSTMENT_UNVERIFIED,naver
1521,097870,2023-10-10,review_required,SOURCE_UNVERIFIED|ADJUSTMENT_UNVERIFIED,naver
1981,223250,2023-10-10,review_required,EXTREME_RETURN_REVIEW,kiwoom
1521,097870,2023-10-11,review_required,SOURCE_UNVERIFIED|ADJUSTMENT_UNVERIFIED,naver
1521,097870,2023-10-12,review_required,SOURCE_UNVERIFIED|ADJUSTMENT_UNVERIFIED,naver
1521,097870,2023-10-13,review_required,SOURCE_UNVERIFIED|ADJUSTMENT_UNVERIFIED,naver
1521,097870,2023-10-16,review_required,SOURCE_UNVERIFIED|ADJUSTMENT_UNVERIFIED,naver
1521,097870,2023-10-17,review_required,SOURCE_UNVERIFIED|ADJUSTMENT_UNVERIFIED,naver
1521,097870,2023-10-18,review_required,SOURCE_UNVERIFIED|ADJUSTMENT_UNVERIFIED,naver
1521,097870,2023-10-19,review_required,SOURCE_UNVERIFIED|ADJUSTMENT_UNVERIFIED,naver
1521,097870,2023-10-20,review_required,SOURCE_UNVERIFIED|ADJUSTMENT_UNVERIFIED,naver
1547,100840,2023-10-20,review_required,EXTREME_RETURN_REVIEW,kiwoom
1225,066790,2023-10-23,review_required,EXTREME_RETURN_REVIEW,kiwoom
1521,097870,2023-10-23,review_required,SOURCE_UNVERIFIED|ADJUSTMENT_UNVERIFIED,naver
1521,097870,2023-10-24,review_required,SOURCE_UNVERIFIED|ADJUSTMENT_UNVERIFIED,naver
1521,097870,2023-10-25,review_required,SOURCE_UNVERIFIED|ADJUSTMENT_UNVERIFIED,naver
2551,430690,2023-10-25,review_required,EXTREME_RETURN_REVIEW,kiwoom
1521,097870,2023-10-26,review_required,SOURCE_UNVERIFIED|ADJUSTMENT_UNVERIFIED,naver
1521,097870,2023-10-27,review_required,SOURCE_UNVERIFIED|ADJUSTMENT_UNVERIFIED,naver
1521,097870,2023-10-30,review_required,SOURCE_UNVERIFIED|ADJUSTMENT_UNVERIFIED,naver
1521,097870,2023-10-31,review_required,SOURCE_UNVERIFIED|ADJUSTMENT_UNVERIFIED,naver
1521,097870,2023-11-01,review_required,SOURCE_UNVERIFIED|ADJUSTMENT_UNVERIFIED,naver
1521,097870,2023-11-02,review_required,SOURCE_UNVERIFIED|ADJUSTMENT_UNVERIFIED,naver
1521,097870,2023-11-03,review_required,SOURCE_UNVERIFIED|ADJUSTMENT_UNVERIFIED,naver
1521,097870,2023-11-06,review_required,SOURCE_UNVERIFIED|ADJUSTMENT_UNVERIFIED,naver
2054,247540,2023-11-06,review_required,EXTREME_RETURN_REVIEW,kiwoom
1521,097870,2023-11-07,review_required,SOURCE_UNVERIFIED|ADJUSTMENT_UNVERIFIED,naver
1521,097870,2023-11-08,review_required,SOURCE_UNVERIFIED|ADJUSTMENT_UNVERIFIED,naver
1521,097870,2023-11-09,review_required,SOURCE_UNVERIFIED|ADJUSTMENT_UNVERIFIED,naver
1310,076610,2023-11-10,review_required,EXTREME_RETURN_REVIEW,kiwoom
1521,097870,2023-11-10,review_required,SOURCE_UNVERIFIED|ADJUSTMENT_UNVERIFIED,naver
2046,244460,2023-11-10,review_required,EXTREME_RETURN_REVIEW,kiwoom
1521,097870,2023-11-13,review_required,SOURCE_UNVERIFIED|ADJUSTMENT_UNVERIFIED,naver
1521,097870,2023-11-14,review_required,SOURCE_UNVERIFIED|ADJUSTMENT_UNVERIFIED,naver
1521,097870,2023-11-15,review_required,SOURCE_UNVERIFIED|ADJUSTMENT_UNVERIFIED,naver
1521,097870,2023-11-16,review_required,SOURCE_UNVERIFIED|ADJUSTMENT_UNVERIFIED,naver
1521,097870,2023-11-17,review_required,SOURCE_UNVERIFIED|ADJUSTMENT_UNVERIFIED,naver
1521,097870,2023-11-20,review_required,SOURCE_UNVERIFIED|ADJUSTMENT_UNVERIFIED,naver
1521,097870,2023-11-21,review_required,SOURCE_UNVERIFIED|ADJUSTMENT_UNVERIFIED,naver
1521,097870,2023-11-22,review_required,SOURCE_UNVERIFIED|ADJUSTMENT_UNVERIFIED,naver
1521,097870,2023-11-23,review_required,SOURCE_UNVERIFIED|ADJUSTMENT_UNVERIFIED,naver
1521,097870,2023-11-24,review_required,SOURCE_UNVERIFIED|ADJUSTMENT_UNVERIFIED,naver
2196,294090,2023-11-24,review_required,EXTREME_RETURN_REVIEW,kiwoom
1521,097870,2023-11-27,review_required,SOURCE_UNVERIFIED|ADJUSTMENT_UNVERIFIED,naver
1521,097870,2023-11-28,review_required,SOURCE_UNVERIFIED|ADJUSTMENT_UNVERIFIED,naver
1521,097870,2023-11-29,review_required,SOURCE_UNVERIFIED|ADJUSTMENT_UNVERIFIED,naver
1521,097870,2023-11-30,review_required,SOURCE_UNVERIFIED|ADJUSTMENT_UNVERIFIED,naver
1521,097870,2023-12-01,review_required,SOURCE_UNVERIFIED|ADJUSTMENT_UNVERIFIED,naver
1521,097870,2023-12-04,review_required,SOURCE_UNVERIFIED|ADJUSTMENT_UNVERIFIED,naver
1521,097870,2023-12-05,review_required,SOURCE_UNVERIFIED|ADJUSTMENT_UNVERIFIED,naver
1521,097870,2023-12-06,review_required,SOURCE_UNVERIFIED|ADJUSTMENT_UNVERIFIED,naver
1521,097870,2023-12-07,review_required,SOURCE_UNVERIFIED|ADJUSTMENT_UNVERIFIED,naver
1521,097870,2023-12-08,review_required,SOURCE_UNVERIFIED|ADJUSTMENT_UNVERIFIED,naver
1818,177350,2023-12-08,review_required,EXTREME_RETURN_REVIEW,kiwoom
1225,066790,2023-12-11,review_required,EXTREME_RETURN_REVIEW,kiwoom
1521,097870,2023-12-11,review_required,SOURCE_UNVERIFIED|ADJUSTMENT_UNVERIFIED,naver
1521,097870,2023-12-12,review_required,SOURCE_UNVERIFIED|ADJUSTMENT_UNVERIFIED,naver
1521,097870,2023-12-13,review_required,SOURCE_UNVERIFIED|ADJUSTMENT_UNVERIFIED,naver
1521,097870,2023-12-14,review_required,SOURCE_UNVERIFIED|ADJUSTMENT_UNVERIFIED,naver
2564,439580,2023-12-14,review_required,EXTREME_RETURN_REVIEW,kiwoom
1225,066790,2023-12-15,review_required,EXTREME_RETURN_REVIEW,kiwoom
1521,097870,2023-12-15,review_required,SOURCE_UNVERIFIED|ADJUSTMENT_UNVERIFIED,naver
1653,121850,2023-12-15,review_required,EXTREME_RETURN_REVIEW,kiwoom
1521,097870,2023-12-18,review_required,SOURCE_UNVERIFIED|ADJUSTMENT_UNVERIFIED,naver
1521,097870,2023-12-19,review_required,SOURCE_UNVERIFIED|ADJUSTMENT_UNVERIFIED,naver
1521,097870,2023-12-20,review_required,SOURCE_UNVERIFIED|ADJUSTMENT_UNVERIFIED,naver
1521,097870,2023-12-21,review_required,SOURCE_UNVERIFIED|ADJUSTMENT_UNVERIFIED,naver
1521,097870,2023-12-22,review_required,SOURCE_UNVERIFIED|ADJUSTMENT_UNVERIFIED,naver
1521,097870,2023-12-26,review_required,SOURCE_UNVERIFIED|ADJUSTMENT_UNVERIFIED,naver
1521,097870,2023-12-27,review_required,SOURCE_UNVERIFIED|ADJUSTMENT_UNVERIFIED,naver
1521,097870,2023-12-28,review_required,SOURCE_UNVERIFIED|ADJUSTMENT_UNVERIFIED,naver
1521,097870,2024-01-02,review_required,SOURCE_UNVERIFIED|ADJUSTMENT_UNVERIFIED,naver
1521,097870,2024-01-03,review_required,SOURCE_UNVERIFIED|ADJUSTMENT_UNVERIFIED,naver
1818,177350,2024-01-03,review_required,EXTREME_RETURN_REVIEW,kiwoom
1521,097870,2024-01-04,review_required,SOURCE_UNVERIFIED|ADJUSTMENT_UNVERIFIED,naver
1521,097870,2024-01-05,review_required,SOURCE_UNVERIFIED|ADJUSTMENT_UNVERIFIED,naver
1521,097870,2024-01-08,review_required,SOURCE_UNVERIFIED|ADJUSTMENT_UNVERIFIED,naver
1521,097870,2024-01-09,review_required,SOURCE_UNVERIFIED|ADJUSTMENT_UNVERIFIED,naver
1521,097870,2024-01-10,review_required,SOURCE_UNVERIFIED|ADJUSTMENT_UNVERIFIED,naver
1521,097870,2024-01-11,review_required,SOURCE_UNVERIFIED|ADJUSTMENT_UNVERIFIED,naver
1521,097870,2024-01-12,review_required,SOURCE_UNVERIFIED|ADJUSTMENT_UNVERIFIED,naver
1521,097870,2024-01-15,review_required,SOURCE_UNVERIFIED|ADJUSTMENT_UNVERIFIED,naver
1521,097870,2024-01-16,review_required,SOURCE_UNVERIFIED|ADJUSTMENT_UNVERIFIED,naver
1521,097870,2024-01-17,review_required,SOURCE_UNVERIFIED|ADJUSTMENT_UNVERIFIED,naver
1521,097870,2024-01-18,review_required,SOURCE_UNVERIFIED|ADJUSTMENT_UNVERIFIED,naver
1521,097870,2024-01-19,review_required,SOURCE_UNVERIFIED|ADJUSTMENT_UNVERIFIED,naver
1521,097870,2024-01-22,review_required,SOURCE_UNVERIFIED|ADJUSTMENT_UNVERIFIED,naver
1521,097870,2024-01-23,review_required,SOURCE_UNVERIFIED|ADJUSTMENT_UNVERIFIED,naver
1521,097870,2024-01-24,review_required,SOURCE_UNVERIFIED|ADJUSTMENT_UNVERIFIED,naver
2185,290690,2024-01-24,review_required,EXTREME_RETURN_REVIEW,kiwoom
1521,097870,2024-01-25,review_required,SOURCE_UNVERIFIED|ADJUSTMENT_UNVERIFIED,naver
1521,097870,2024-01-26,review_required,SOURCE_UNVERIFIED|ADJUSTMENT_UNVERIFIED,naver
1521,097870,2024-01-29,review_required,SOURCE_UNVERIFIED|ADJUSTMENT_UNVERIFIED,naver
2048,245620,2024-01-29,review_required,EXTREME_RETURN_REVIEW,kiwoom
1521,097870,2024-01-30,review_required,SOURCE_UNVERIFIED|ADJUSTMENT_UNVERIFIED,naver
1521,097870,2024-01-31,review_required,SOURCE_UNVERIFIED|ADJUSTMENT_UNVERIFIED,naver
1521,097870,2024-02-01,review_required,SOURCE_UNVERIFIED|ADJUSTMENT_UNVERIFIED,naver
1521,097870,2024-02-02,review_required,SOURCE_UNVERIFIED|ADJUSTMENT_UNVERIFIED,naver
1521,097870,2024-02-05,review_required,SOURCE_UNVERIFIED|ADJUSTMENT_UNVERIFIED,naver
2189,291650,2024-02-05,review_required,EXTREME_RETURN_REVIEW,kiwoom
1521,097870,2024-02-06,review_required,SOURCE_UNVERIFIED|ADJUSTMENT_UNVERIFIED,naver
1521,097870,2024-02-07,review_required,SOURCE_UNVERIFIED|ADJUSTMENT_UNVERIFIED,naver
1521,097870,2024-02-08,review_required,SOURCE_UNVERIFIED|ADJUSTMENT_UNVERIFIED,naver
1521,097870,2024-02-13,review_required,SOURCE_UNVERIFIED|ADJUSTMENT_UNVERIFIED,naver
1521,097870,2024-02-14,review_required,SOURCE_UNVERIFIED|ADJUSTMENT_UNVERIFIED,naver
1521,097870,2024-02-15,review_required,SOURCE_UNVERIFIED|ADJUSTMENT_UNVERIFIED,naver
1521,097870,2024-02-16,review_required,SOURCE_UNVERIFIED|ADJUSTMENT_UNVERIFIED,naver
786,031860,2024-02-19,review_required,EXTREME_RETURN_REVIEW,kiwoom
1521,097870,2024-02-19,review_required,SOURCE_UNVERIFIED|ADJUSTMENT_UNVERIFIED,naver
1521,097870,2024-02-20,review_required,SOURCE_UNVERIFIED|ADJUSTMENT_UNVERIFIED,naver
1521,097870,2024-02-21,review_required,SOURCE_UNVERIFIED|ADJUSTMENT_UNVERIFIED,naver
1521,097870,2024-02-22,review_required,SOURCE_UNVERIFIED|ADJUSTMENT_UNVERIFIED,naver
1521,097870,2024-02-23,review_required,SOURCE_UNVERIFIED|ADJUSTMENT_UNVERIFIED,naver
1521,097870,2024-02-26,review_required,SOURCE_UNVERIFIED|ADJUSTMENT_UNVERIFIED,naver
1521,097870,2024-02-27,review_required,SOURCE_UNVERIFIED|ADJUSTMENT_UNVERIFIED,naver
1521,097870,2024-02-28,review_required,SOURCE_UNVERIFIED|ADJUSTMENT_UNVERIFIED,naver
1521,097870,2024-02-29,review_required,SOURCE_UNVERIFIED|ADJUSTMENT_UNVERIFIED,naver
1521,097870,2024-03-04,review_required,SOURCE_UNVERIFIED|ADJUSTMENT_UNVERIFIED,naver
1521,097870,2024-03-05,review_required,SOURCE_UNVERIFIED|ADJUSTMENT_UNVERIFIED,naver
2281,320000,2024-03-05,review_required,EXTREME_RETURN_REVIEW,kiwoom
1521,097870,2024-03-06,review_required,SOURCE_UNVERIFIED|ADJUSTMENT_UNVERIFIED,naver
1521,097870,2024-03-07,review_required,SOURCE_UNVERIFIED|ADJUSTMENT_UNVERIFIED,naver
1521,097870,2024-03-08,review_required,SOURCE_UNVERIFIED|ADJUSTMENT_UNVERIFIED,naver
1521,097870,2024-03-11,review_required,SOURCE_UNVERIFIED|ADJUSTMENT_UNVERIFIED,naver
1521,097870,2024-03-12,review_required,SOURCE_UNVERIFIED|ADJUSTMENT_UNVERIFIED,naver
1521,097870,2024-03-13,review_required,SOURCE_UNVERIFIED|ADJUSTMENT_UNVERIFIED,naver
1521,097870,2024-03-14,review_required,SOURCE_UNVERIFIED|ADJUSTMENT_UNVERIFIED,naver
1521,097870,2024-03-15,review_required,SOURCE_UNVERIFIED|ADJUSTMENT_UNVERIFIED,naver
1300,073570,2024-03-18,review_required,EXTREME_RETURN_REVIEW,kiwoom
1521,097870,2024-03-18,review_required,SOURCE_UNVERIFIED|ADJUSTMENT_UNVERIFIED,naver
1617,112290,2024-03-27,review_required,EXTREME_RETURN_REVIEW,kiwoom
1887,199820,2024-04-08,review_required,EXTREME_RETURN_REVIEW,kiwoom
2377,355690,2024-05-02,review_required,EXTREME_RETURN_REVIEW,kiwoom
1663,123010,2024-05-28,review_required,EXTREME_RETURN_REVIEW,kiwoom
2196,294090,2024-06-18,review_required,EXTREME_RETURN_REVIEW,kiwoom
2289,322510,2024-07-17,review_required,EXTREME_RETURN_REVIEW,kiwoom
2074,255220,2024-07-25,review_required,EXTREME_RETURN_REVIEW,kiwoom
2423,373110,2024-08-07,review_required,EXTREME_RETURN_REVIEW,kiwoom
2373,354200,2024-09-20,review_required,EXTREME_RETURN_REVIEW,kiwoom
1136,058450,2024-09-24,review_required,EXTREME_RETURN_REVIEW,kiwoom
971,043100,2024-10-02,review_required,EXTREME_RETURN_REVIEW,kiwoom
1173,062970,2024-11-12,review_required,EXTREME_RETURN_REVIEW,kiwoom
1756,145170,2024-11-14,review_required,EXTREME_RETURN_REVIEW,kiwoom
1021,047920,2024-11-18,review_required,EXTREME_RETURN_REVIEW,kiwoom
2218,300080,2024-11-26,review_required,EXTREME_RETURN_REVIEW,kiwoom
644,018000,2024-11-28,review_required,EXTREME_RETURN_REVIEW,kiwoom
1212,065770,2024-12-04,review_required,EXTREME_RETURN_REVIEW,kiwoom
1653,121850,2024-12-09,review_required,EXTREME_RETURN_REVIEW,kiwoom
1843,187660,2024-12-24,review_required,EXTREME_RETURN_REVIEW,kiwoom
2262,317120,2025-01-06,review_required,EXTREME_RETURN_REVIEW,kiwoom
760,028080,2025-01-10,review_required,EXTREME_RETURN_REVIEW,kiwoom
1207,065650,2025-02-04,review_required,EXTREME_RETURN_REVIEW,kiwoom
2338,340930,2025-02-10,review_required,EXTREME_RETURN_REVIEW,kiwoom
1884,199550,2025-02-11,review_required,EXTREME_RETURN_REVIEW,kiwoom
486,010280,2025-02-28,review_required,EXTREME_RETURN_REVIEW,kiwoom
1136,058450,2025-03-21,review_required,EXTREME_RETURN_REVIEW,kiwoom
2243,308100,2025-03-27,review_required,EXTREME_RETURN_REVIEW,kiwoom
2083,258790,2025-04-03,review_required,EXTREME_RETURN_REVIEW,kiwoom
2475,389140,2025-04-15,review_required,EXTREME_RETURN_REVIEW,kiwoom
2550,429270,2025-04-17,review_required,EXTREME_RETURN_REVIEW,kiwoom
851,035290,2025-04-23,review_required,EXTREME_RETURN_REVIEW,kiwoom
2564,439580,2025-04-24,review_required,EXTREME_RETURN_REVIEW,kiwoom
2243,308100,2025-04-30,review_required,EXTREME_RETURN_REVIEW,kiwoom
2580,448280,2025-05-08,review_required,EXTREME_RETURN_REVIEW,kiwoom
1597,108490,2025-06-23,review_required,EXTREME_RETURN_REVIEW,kiwoom
960,042040,2025-06-24,review_required,EXTREME_RETURN_REVIEW,kiwoom
1672,123840,2025-06-24,review_required,EXTREME_RETURN_REVIEW,kiwoom
1897,203400,2025-06-26,review_required,EXTREME_RETURN_REVIEW,kiwoom
2338,340930,2025-07-21,review_required,EXTREME_RETURN_REVIEW,kiwoom
1918,208640,2025-08-08,review_required,EXTREME_RETURN_REVIEW,kiwoom
1608,109960,2025-08-11,review_required,EXTREME_RETURN_REVIEW,kiwoom
942,040350,2025-08-18,review_required,EXTREME_RETURN_REVIEW,kiwoom
703,023790,2025-08-28,review_required,EXTREME_RETURN_REVIEW,kiwoom
703,023790,2025-09-09,review_required,EXTREME_RETURN_REVIEW,kiwoom
1269,069920,2025-09-22,review_required,EXTREME_RETURN_REVIEW,kiwoom
1548,101000,2025-09-24,review_required,EXTREME_RETURN_REVIEW,kiwoom
1548,101000,2025-09-30,review_required,EXTREME_RETURN_REVIEW,kiwoom
851,035290,2025-10-15,review_required,EXTREME_RETURN_REVIEW,kiwoom
2738,494120,2025-11-14,review_required,EXTREME_RETURN_REVIEW,kiwoom
2247,309930,2026-01-08,review_required,EXTREME_RETURN_REVIEW,kiwoom
1047,050110,2026-01-19,review_required,EXTREME_RETURN_REVIEW,kiwoom
2438,377030,2026-02-24,review_required,EXTREME_RETURN_REVIEW,kiwoom
1324,078590,2026-03-17,review_required,EXTREME_RETURN_REVIEW,kiwoom
1136,058450,2026-03-18,review_required,EXTREME_RETURN_REVIEW,kiwoom
1326,078860,2026-03-30,review_required,EXTREME_RETURN_REVIEW,kiwoom
1173,062970,2026-04-03,review_required,EXTREME_RETURN_REVIEW,kiwoom
465,009730,2026-04-27,review_required,EXTREME_RETURN_REVIEW,kiwoom
1375,083660,2026-06-10,review_required,EXTREME_RETURN_REVIEW,kiwoom
1918,208640,2026-06-25,review_required,EXTREME_RETURN_REVIEW,kiwoom
1653,121850,2026-09-03,review_required,EXTREME_RETURN_REVIEW,kiwoom
