번호,종목코드,종목명,시장구분,증권구분,주식종류,상장일,상장폐지일,상장유형,상장주선인(지정자문인),액면구분코드,액면가,공모가,공모주식수,최초상장주식수,현재상장주식수,업종,국적
"1","950250","테라뷰","KOSDAQ","주식예탁증권","보통주","2025/12/09",,"신규상장","삼성증권(주)",,"0","8000","5000000","35517731","35517731","기타 금융업","영국"
"2","0004Y0","디비금융제14호스팩","KOSDAQ","주권","보통주","2025/07/22",,"신규상장","DB증권주식회사",,"100","2000","5000000","5315000","5315000","기타 금융업","대한민국"
"3","0007C0","아크릴","KOSDAQ","주권","보통주","2025/12/16",,"신규상장","신한투자증권 주식회사",,"500","19500","2160000","7980324","7980324","소프트웨어 개발 및 공급업","대한민국"
"4","0008Z0","에스엔시스","KOSDAQ","주권","보통주","2025/08/19",,"신규상장","신한투자증권 주식회사",,"500","30000","1900000","9436564","9436564","전동기, 발전기 및 전기 변환 · 공급 · 제어 장치 제조업","대한민국"
"5","0009K0","에임드바이오","KOSDAQ","주권","보통주","2025/12/04",,"신규상장","미래에셋증권 주식회사",,"500","11000","6430000","64156161","64156161","자연과학 및 공학 연구개발업","대한민국"
"6","0010V0","제이피아이헬스케어","KOSDAQ","주권","보통주","2025/08/21",,"신규상장","키움증권(주)",,"500","20000","1580000","5105400","5105400","의료용 기기 제조업","대한민국"
"7","0013V0","삼진식품","KOSDAQ","주권","보통주","2025/12/22",,"신규상장","대신증권(주)",,"500","7600","2000000","9918656","9918656","수산물 가공 및 저장 처리업","대한민국"
"8","0015G0","그린광학","KOSDAQ","주권","보통주","2025/11/17",,"신규상장","신영증권(주)",,"500","16000","2000000","11702541","11702541","사진장비 및 광학기기 제조업","대한민국"
"9","0015N0","아로마티카","KOSDAQ","주권","보통주","2025/11/27",,"신규상장","신한투자증권 주식회사",,"500","8000","3000000","12715050","12715050","기타 화학제품 제조업","대한민국"
"10","0015S0","페스카로","KOSDAQ","주권","보통주","2025/12/10",,"신규상장","엔에이치투자증권(주),한화투자증권(주)",,"500","15500","1300000","9662730","9662730","그외 기타 전문, 과학 및 기술 서비스업","대한민국"
"11","0037T0","KB제32호스팩","KOSDAQ","주권","보통주","2025/07/04",,"신규상장","KB증권(주)",,"100","2000","6000000","6330000","6330000","금융 지원 서비스업","대한민국"
"12","0041B0","교보18호스팩","KOSDAQ","주권","보통주","2025/08/14",,"신규상장","교보증권(주)",,"100","2000","4500000","5040000","5040000","금융 지원 서비스업","대한민국"
"13","0041J0","엘에스스팩1호","KOSDAQ","주권","보통주","2025/07/22",,"신규상장","엘에스증권 주식회사",,"100","2000","4000000","4110000","4110000","금융 지원 서비스업","대한민국"
"14","0041L0","하나35호스팩","KOSDAQ","주권","보통주","2025/08/06",,"신규상장","하나증권주식회사",,"100","2000","5500000","6030000","6030000","금융 지원 서비스업","대한민국"
"15","0044K0","삼성스팩10호","KOSDAQ","주권","보통주","2025/08/21",,"신규상장","삼성증권(주)",,"100","2000","7000000","7520000","7520000","금융 지원 서비스업","대한민국"
"16","0054V0","엔에이치스팩32호","KOSDAQ","주권","보통주","2025/12/05",,"신규상장","엔에이치투자증권(주)",,"100","2000","5150000","6216500","6216500","금융 지원 서비스업","대한민국"
"17","0068Y0","비엔케이제3호스팩","KOSDAQ","주권","보통주","2025/11/21",,"신규상장","(주)비엔케이투자증권",,"100","2000","4000000","4310000","4310000","금융 지원 서비스업","대한민국"
"18","0071M0","삼성스팩11호","KOSDAQ","주권","보통주","2025/09/30",,"신규상장","삼성증권(주)",,"100","2000","5000000","5760000","5760000","금융 지원 서비스업","대한민국"
"19","0072Z0","KB제33호스팩","KOSDAQ","주권","보통주","2025/09/30",,"신규상장","KB증권(주)",,"100","2000","7500000","7885000","7885000","금융 지원 서비스업","대한민국"
"20","0088D0","메리츠제1호스팩","KOSDAQ","주권","보통주","2025/12/15",,"신규상장","메리츠증권 주식회사",,"100","2000","5500000","5795000","5795000","금융 지원 서비스업","대한민국"
"21","0091W0","신영스팩11호","KOSDAQ","주권","보통주","2025/11/24",,"신규상장","신영증권(주)",,"100","2000","5800000","6068000","6068000","금융 지원 서비스업","대한민국"
"22","0093G0","미래에셋비전스팩8호","KOSDAQ","주권","보통주","2025/11/27",,"신규상장","미래에셋증권 주식회사",,"100","2000","6000000","6400000","6400000","금융 지원 서비스업","대한민국"
"23","0096B0","삼성스팩12호","KOSDAQ","주권","보통주","2025/11/28",,"신규상장","삼성증권(주)",,"100","2000","6000000","6580000","6580000","기타 금융업","대한민국"
"24","0096D0","미래에셋비전스팩9호","KOSDAQ","주권","보통주","2025/12/01",,"신규상장","미래에셋증권 주식회사",,"100","2000","5000000","5500000","5500000","금융 지원 서비스업","대한민국"
"25","0097F0","미래에셋비전스팩10호","KOSDAQ","주권","보통주","2025/12/23",,"신규상장","미래에셋증권 주식회사",,"100","2000","6000000","6500000","6500000","금융 지원 서비스업","대한민국"
"26","0098T0","교보19호스팩","KOSDAQ","주권","보통주","2025/12/12",,"신규상장","교보증권(주)",,"100","2000","5000000","5400000","5400000","금융 지원 서비스업","대한민국"
"27","0099W0","미래에셋비전스팩11호","KOSDAQ","주권","보통주","2025/12/22",,"신규상장","미래에셋증권 주식회사",,"100","2000","6000000","7000000","7000000","금융 지원 서비스업","대한민국"
"28","0099X0","IBKS제25호스팩","KOSDAQ","주권","보통주","2025/12/19",,"신규상장","IBK투자증권(주)",,"100","2000","5000000","5980000","5980000","금융 지원 서비스업","대한민국"
"29","0101C0","하나36호스팩","KOSDAQ","주권","보통주","2025/12/22",,"신규상장","하나증권주식회사",,"100","2000","7000000","7740000","7740000","금융 지원 서비스업","대한민국"
"30","0105P0","유진스팩12호","KOSDAQ","주권","보통주","2025/12/11",,"신규상장","유진투자증권(주)",,"100","2000","5000000","5660000","5660000","금융 지원 서비스업","대한민국"
"31","0120G0","삼양바이오팜","KOSPI","주권","보통주","2025/11/24",,"재상장","KB증권(주)",,"500",,,"7435870","7435870","의약품 제조업","대한민국"
"32","012210","삼미금속","KOSDAQ","주권","보통주","2025/12/29",,,"IBK투자증권(주)",,"1000",,,"31599885","22192012","기타 금속 가공제품 제조업","대한민국"
"33","0126Z0","삼성에피스홀딩스","KOSPI","주권","보통주","2025/11/24",,"재상장","엔에이치투자증권(주)",,"2500",,,"24883049","24883049","기타 금융업","대한민국"
"34","014950","삼익제약","KOSDAQ","주권","보통주","2025/10/27",,,"하나증권주식회사",,"100",,,"9171413","9171413","의약품 제조업","대한민국"
"35","022100","포스코DX","KOSPI","주권","보통주","2024/01/02",,"이전상장","KB증권(주)",,"500",,,"6155160","152034729","건축기술, 엔지니어링 및 관련 기술 서비스업","대한민국"
"36","031210","서울보증보험","KOSPI","주권","보통주","2025/03/14",,"신규상장","미래에셋증권 주식회사,삼성증권(주)",,"2500","26000","6982160","69821598","69821598","보험업","대한민국"
"37","034230","파라다이스","KOSPI","주권","보통주","2024/06/24",,"이전상장","신한투자증권 주식회사",,"500",,,"93700000","91771623","유원지 및 기타 오락관련 서비스업","대한민국"
"38","036220","오상헬스케어","KOSDAQ","주권","보통주","2024/03/13",,"신규상장","엔에이치투자증권(주)",,"500","20000","990000","5000000","14104416","의료용품 및 기타 의약 관련제품 제조업","대한민국"
"39","044990","에이치엔에스하이텍","KOSDAQ","주권","보통주","2024/10/25",,"이전상장","미래에셋증권 주식회사",,"500","22000","500000","7224729","8036064","전자부품 제조업","대한민국"
"40","059180","엔더블유시","KONEX","주권","보통주","2025/12/22",,"신규상장","교보증권(주)",,"500",,,"5314090","5314090","통신 및 방송 장비 제조업","대한민국"
"41","061090","세나테크놀로지","KOSDAQ","주권","보통주","2025/11/14",,"신규상장","신한투자증권 주식회사,KB증권(주)",,"500","56800","560000","5577274","5577274","통신 및 방송 장비 제조업","대한민국"
"42","062040","산일전기","KOSPI","주권","보통주","2024/07/29",,"신규상장","미래에셋증권 주식회사",,"500","35000","7600000","30445200","30445200","전동기, 발전기 및 전기 변환 · 공급 · 제어 장치 제조업","대한민국"
"43","064400","LG씨엔에스","KOSPI","주권","보통주","2025/02/05",,"신규상장","KB증권(주),메릴린치인터내셔날엘엘씨증권 서울지점,모간스탠리인터내셔날증권회사 서울지점",,"500","61900","19377190","96885948","96885948","컴퓨터 프로그래밍, 시스템 통합 및 관리업","대한민국"
"44","066970","엘앤에프","KOSPI","주권","보통주","2024/01/29",,"이전상장","미래에셋증권 주식회사",,"500",,,"8750000","36247825","일차전지 및 이차전지 제조업","대한민국"
"45","068100","케이웨더","KOSDAQ","주권","보통주","2024/02/22",,"신규상장","엔에이치투자증권(주)",,"500","7000","1000000","9939614","9939614","일반 목적용 기계 제조업","대한민국"
"46","079900","전진건설로봇","KOSPI","주권","보통주","2024/08/19",,"신규상장","미래에셋증권 주식회사",,"500","16500","3077650","15360574","15360574","특수 목적용 기계 제조업","대한민국"
"47","081180","쎄크","KOSDAQ","주권","보통주","2025/04/28",,"신규상장","신영증권(주)",,"500","15000","1200000","8725535","8725535","일반 목적용 기계 제조업","대한민국"
"48","088340","유라클","KOSDAQ","주권","보통주","2024/08/16",,"신규상장","키움증권(주)",,"500","21000","751000","4330068","4330068","소프트웨어 개발 및 공급업","대한민국"
"49","096250","와이즈넛","KOSDAQ","주권","보통주","2025/01/24",,"신규상장","삼성증권(주)",,"500","17000","900000","13065612","13065612","소프트웨어 개발 및 공급업","대한민국"
"50","098070","한텍","KOSDAQ","주권","보통주","2025/03/20",,"신규상장","대신증권(주)",,"5000","10800","3309000","11121141","11121141","일반 목적용 기계 제조업","대한민국"
"51","101970","우양에이치씨","KOSDAQ","주권","보통주","2025/03/28",,,"KB증권(주)",,"500","5500","2530000","12090183","14547709","구조용 금속제품, 탱크 및 증기발생기 제조업","대한민국"
"52","105760","포스뱅크","KOSDAQ","주권","보통주","2024/01/29",,"신규상장","하나증권주식회사",,"500","18000","1500000","9355485","9355485","일반 목적용 기계 제조업","대한민국"
"53","107640","한중엔시에스","KOSDAQ","주권","보통주","2024/06/24",,"이전상장","IBK투자증권(주)",,"500","30000","1600000","3700000","8751446","전동기, 발전기 및 전기 변환 · 공급 · 제어 장치 제조업","대한민국"
"54","125020","티씨머티리얼즈","KOSDAQ","주권","보통주","2025/05/15",,,"대신증권(주)",,"500",,,"34227815","34227815","절연선 및 케이블 제조업","대한민국"
"55","125490","한라캐스트","KOSDAQ","주권","보통주","2025/08/20",,"신규상장","대신증권(주)",,"100","5800","7500000","36502352","36502352","자동차 신품 부품 제조업","대한민국"
"56","126730","코칩","KOSDAQ","주권","보통주","2024/05/07",,"신규상장","한국투자증권(주)",,"500","18000","1500000","8503460","8503460","전자부품 제조업","대한민국"
"57","136150","원일티엔아이","KOSDAQ","주권","보통주","2025/05/09",,"신규상장","엔에이치투자증권(주)",,"500","13500","1200000","8381030","8381030","일반 목적용 기계 제조업","대한민국"
"58","140430","카티스","KOSDAQ","주권","보통주","2024/05/03",,,"KB증권(주)",,"100",,,"17922947","17922947","컴퓨터 프로그래밍, 시스템 통합 및 관리업","대한민국"
"59","145170","노브랜드","KOSDAQ","주권","보통주","2024/05/23",,"신규상장","삼성증권(주)",,"500","14000","1200000","7651263","7651263","편조의복 제조업","대한민국"
"60","160190","하이젠알앤엠","KOSDAQ","주권","보통주","2024/06/27",,"신규상장","한국투자증권(주)",,"500","7000","3400000","30888000","30888000","전동기, 발전기 및 전기 변환 · 공급 · 제어 장치 제조업","대한민국"
"61","163280","에어레인","KOSDAQ","주권","보통주","2024/11/08",,"신규상장","신영증권(주)",,"100","23000","1200000","8174789","8174789","일반 목적용 기계 제조업","대한민국"
"62","176750","듀켐바이오","KOSDAQ","주권","보통주","2024/12/20",,"이전상장","엔에이치투자증권(주)",,"500","8000","1430000","4000000","28455220","의약품 제조업","대한민국"
"63","177900","쓰리에이로직스","KOSDAQ","주권","보통주","2024/12/24",,"신규상장","신한투자증권 주식회사,미래에셋증권 주식회사",,"500","11000","1857400","9286800","9286800","반도체 제조업","대한민국"
"64","188040","바이오포트","KOSDAQ","주권","보통주","2025/05/16",,,"DB증권주식회사",,"200",,,"4428863","4428863","기타 식품 제조업","대한민국"
"65","199430","케이엔알시스템","KOSDAQ","주권","보통주","2024/03/07",,"신규상장","엔에이치투자증권(주),DB증권주식회사",,"100","13500","2104000","10867713","10867713","측정, 시험, 항해, 제어 및 기타 정밀기기 제조업; 광학기기 제외","대한민국"
"66","199480","뱅크웨어글로벌","KOSDAQ","주권","보통주","2024/08/12",,"신규상장","미래에셋증권 주식회사",,"500","16000","1400000","10000988","10000988","소프트웨어 개발 및 공급업","대한민국"
"67","199550","레이저옵텍","KOSDAQ","주권","보통주","2024/02/01",,,"하나증권주식회사",,"500",,,"11173833","11173833","의료용 기기 제조업","대한민국"
"68","209640","와이제이링크","KOSDAQ","주권","보통주","2024/10/18",,"신규상장","KB증권(주)",,"500","12000","3560000","14221573","14221573","특수 목적용 기계 제조업","대한민국"
"69","212710","아이에스티이","KOSDAQ","주권","보통주","2025/02/12",,"신규상장","KB증권(주)",,"500","11400","1300000","8999478","8999478","반도체 제조업","대한민국"
"70","217590","티엠씨","KOSPI","주권","보통주","2025/12/15",,"신규상장","미래에셋증권 주식회사",,"100","9300","6100000","24094225","24094225","절연선 및 케이블 제조업","대한민국"
"71","226590","엠디바이스","KOSDAQ","주권","보통주","2025/03/07",,"신규상장","삼성증권(주)",,"500","8350","1260000","10567784","10567784","전자부품 제조업","대한민국"
"72","234030","싸이닉솔루션","KOSDAQ","주권","보통주","2025/07/07",,"신규상장","대신증권(주)",,"100","4700","3500000","23605000","23605000","반도체 제조업","대한민국"
"73","240550","동방메디컬","KOSDAQ","주권","보통주","2025/02/13",,"신규상장","엔에이치투자증권(주)",,"500","10500","3000000","20586940","20586940","의료용 기기 제조업","대한민국"
"74","261520","이지스","KOSDAQ","주권","보통주","2025/12/11",,"신규상장","엔에이치투자증권(주)",,"100","15000","1500000","9551420","9551420","소프트웨어 개발 및 공급업","대한민국"
"75","266350","팡스카이","KONEX","주권","보통주","2024/06/28",,"신규상장","키움증권(주)",,"500",,,"7895050","7895050","소프트웨어 개발 및 공급업","대한민국"
"76","267080","세븐브로이맥주","KONEX","주권","보통주","2024/01/17",,"신규상장","키움증권(주)",,"500",,,"11871408","11871408","알코올음료 제조업","대한민국"
"77","278470","에이피알","KOSPI","주권","보통주","2024/02/27",,"신규상장","신한투자증권 주식회사,하나증권주식회사",,"500","250000","379000","7584378","7584378","기타 화학제품 제조업","대한민국"
"78","287840","인투셀","KOSDAQ","주권","보통주","2025/05/23",,"신규상장","미래에셋증권 주식회사",,"500","17000","1500000","14829094","14829094","자연과학 및 공학 연구개발업","대한민국"
"79","289930","웨이비스","KOSDAQ","주권","보통주","2024/10/25",,"신규상장","대신증권(주)",,"500","15000","1490000","12420111","12420111","반도체 제조업","대한민국"
"80","295310","에이치브이엠","KOSDAQ","주권","보통주","2024/06/28",,"신규상장","엔에이치투자증권(주)",,"500","18000","2400000","11901931","11901931","1차 비철금속 제조업","대한민국"
"81","303810","동국생명과학","KOSDAQ","주권","보통주","2025/02/17",,"신규상장","엔에이치투자증권(주),KB증권(주)",,"500","9000","2000000","15992070","15992070","의약품 제조업","대한민국"
"82","308430","셀비온","KOSDAQ","주권","보통주","2024/10/16",,"신규상장","대신증권(주)",,"500","15000","1911000","12739009","12739009","의약품 제조업","대한민국"
"83","309710","아이티켐","KOSDAQ","주권","보통주","2025/08/07",,"신규상장","KB증권(주)",,"500","16100","2000000","12583001","12583001","기초 의약물질 제조업","대한민국"
"84","317450","명인제약","KOSPI","주권","보통주","2025/10/01",,"신규상장","KB증권(주)",,"500","58000","3400000","14600000","14600000","의약품 제조업","대한민국"
"85","318060","그래피","KOSDAQ","주권","보통주","2025/08/25",,"신규상장","신한투자증권 주식회사,KB증권(주)",,"500","15000","1950000","11038777","11038777","합성고무 및 플라스틱 물질 제조업","대한민국"
"86","323350","다원넥스뷰","KOSDAQ","주권","보통주","2024/06/11",,,"신한투자증권 주식회사",,"100",,,"700000","7596111","사진장비 및 광학기기 제조업","대한민국"
"87","331740","아우토크립트","KOSDAQ","주권","보통주","2025/07/15",,"신규상장","대신증권(주)",,"500","22000","1400000","9569672","9569672","소프트웨어 개발 및 공급업","대한민국"
"88","332190","오션스바이오","KONEX","주권","보통주","2025/01/14",,"신규상장","교보증권(주)",,"100",,,"1477839","1477839","의료용 기기 제조업","대한민국"
"89","336680","탑런토탈솔루션","KOSDAQ","주권","보통주","2024/11/01",,"신규상장","KB증권(주)",,"500","18000","2500000","19572779","19572779","전자부품 제조업","대한민국"
"90","340450","지씨지놈","KOSDAQ","주권","보통주","2025/06/11",,"신규상장","삼성증권(주)",,"500","10500","4000000","23650793","23650793","그외 기타 전문, 과학 및 기술 서비스업","대한민국"
"91","342870","오아","KOSDAQ","주권","보통주","2025/09/09",,,"미래에셋증권 주식회사",,"500",,,"5442619","5442619","가전제품 및 정보통신장비 소매업","대한민국"
"92","347850","디앤디파마텍","KOSDAQ","주권","보통주","2024/05/02",,"신규상장","한국투자증권(주)",,"500","33000","1100000","10429232","10429232","자연과학 및 공학 연구개발업","대한민국"
"93","351870","차이커뮤니케이션","KOSDAQ","주권","보통주","2024/09/27",,,"한국투자증권(주)",,"500",,,"11131089","11131089","광고업","대한민국"
"94","360350","코셈","KOSDAQ","주권","보통주","2024/02/23",,"신규상장","키움증권(주)",,"500","16000","600000","5661970","5661970","측정, 시험, 항해, 제어 및 기타 정밀기기 제조업; 광학기기 제외","대한민국"
"95","362990","드림인사이트","KOSDAQ","주권","보통주","2024/01/25",,,"iM증권",,"100",,,"16491966","16491966","광고업","대한민국"
"96","364950","에이아이코리아","KOSDAQ","주권","보통주","2025/04/29",,,"한국투자증권(주)",,"500",,,"7931139","7931139","특수 목적용 기계 제조업","대한민국"
"97","368030","창대정밀","KONEX","주권","보통주","2024/12/23","2026/05/14","신규상장","해당없음",,"5000",,,"1749307","1749307","특수 목적용 기계 제조업","대한민국"
"98","373110","엑셀세라퓨틱스","KOSDAQ","주권","보통주","2024/07/15",,"신규상장","대신증권(주)",,"500","10000","1618000","10830212","10830212","기초 의약물질 제조업","대한민국"
"99","373160","데이원컴퍼니","KOSDAQ","주권","보통주","2025/01/24",,"신규상장","미래에셋증권 주식회사,삼성증권(주)",,"500","13000","1361000","13605424","13605424","기타 교육기관","대한민국"
"100","376270","HEM파마","KOSDAQ","주권","보통주","2024/11/05",,"신규상장","신한투자증권 주식회사",,"500","23000","697000","6962039","6962039","자연과학 및 공학 연구개발업","대한민국"
"101","376900","로킷헬스케어","KOSDAQ","주권","보통주","2025/05/12",,"신규상장","SK증권(주)",,"500","11000","1560000","9669449","9669449","의료용품 및 기타 의약 관련제품 제조업","대한민국"
"102","380550","뉴로핏","KOSDAQ","주권","보통주","2025/07/25",,"신규상장","미래에셋증권 주식회사",,"1000","14000","2000000","11476035","11476035","소프트웨어 개발 및 공급업","대한민국"
"103","381620","제닉스로보틱스","KOSDAQ","주권","보통주","2024/09/30",,"신규상장","신영증권(주)",,"100","40000","660000","4372640","4372640","특수 목적용 기계 제조업","대한민국"
"104","382150","온코크로스","KOSDAQ","주권","보통주","2024/12/18",,"신규상장","미래에셋증권 주식회사",,"500","7300","1423000","11857937","11857937","자연과학 및 공학 연구개발업","대한민국"
"105","387570","파인메딕스","KOSDAQ","주권","보통주","2024/12/26",,"신규상장","한국투자증권(주)",,"100","10000","900000","5625900","5625900","의료용 기기 제조업","대한민국"
"106","388210","씨엠티엑스","KOSDAQ","주권","보통주","2025/11/20",,"신규상장","미래에셋증권 주식회사",,"500","60500","1000000","9272688","9272688","전자부품 제조업","대한민국"
"107","388610","지에프씨생명과학","KOSDAQ","주권","보통주","2025/06/30",,"이전상장","대신증권(주)",,"500","15300","784000","1036526","5225709","기타 화학제품 제조업","대한민국"
"108","389650","넥스트바이오메디컬","KOSDAQ","주권","보통주","2024/08/20",,"신규상장","한국투자증권(주)",,"500","29000","1000000","8008066","8008066","의료용 기기 제조업","대한민국"
"109","389680","유디엠텍","KOSDAQ","주권","보통주","2024/11/20",,,"대신증권(주)",,"100",,,"40012799","40012799","소프트웨어 개발 및 공급업","대한민국"
"110","393970","대진첨단소재","KOSDAQ","주권","보통주","2025/03/06",,"신규상장","미래에셋증권 주식회사",,"500","9000","3000000","14796820","14796820","플라스틱제품 제조업","대한민국"
"111","394800","쓰리빌리언","KOSDAQ","주권","보통주","2024/11/14",,"신규상장","한국투자증권(주)",,"100","4500","3200000","31444038","31444038","의료용 기기 제조업","대한민국"
"112","397810","애드포러스","KOSDAQ","주권","보통주","2025/08/22",,,"신영증권(주)",,"500",,,"5144190","5144190","광고업","대한민국"
"113","398120","에스지헬스케어","KOSDAQ","주권","보통주","2024/12/19",,,"하나증권주식회사",,"100",,,"11074700","11074700","의료용 기기 제조업","대한민국"
"114","403810","아이엘로보틱스","KONEX","주권","보통주","2025/11/18",,"신규상장","아이비케이투자증권(주)",,"100",,,"9291896","9291896","전자부품 제조업","대한민국"
"115","403850","더핑크퐁컴퍼니","KOSDAQ","주권","보통주","2025/11/18",,"신규상장","미래에셋증권 주식회사,삼성증권(주)",,"100","38000","2000000","14351010","14351010","영화, 비디오물, 방송프로그램 제작 및 배급업","대한민국"
"116","412540","제일엠앤에스","KOSDAQ","주권","보통주","2024/04/30",,"신규상장","KB증권(주)",,"500","22000","2400000","18082075","18082075","특수 목적용 기계 제조업","대한민국"
"117","413390","엠오티","KOSDAQ","주권","보통주","2024/11/18",,"신규상장","한국투자증권(주)",,"500","10000","1750000","11580180","11580180","특수 목적용 기계 제조업","대한민국"
"118","415380","스튜디오삼익","KOSDAQ","주권","보통주","2024/02/06",,"신규상장","DB증권주식회사",,"500","18000","850000","4225498","4225498","기타 생활용품 소매업","대한민국"
"119","418620","E8","KOSDAQ","주권","보통주","2024/02/23",,"신규상장","한화투자증권(주)",,"500","20000","1130000","9465149","9465149","소프트웨어 개발 및 공급업","대한민국"
"120","420570","제이투케이바이오","KOSDAQ","주권","보통주","2024/03/25",,,"교보증권(주)",,"500",,,"5574115","5574115","기타 화학제품 제조업","대한민국"
"121","424870","이뮨온시아","KOSDAQ","주권","보통주","2025/05/19",,"신규상장","한국투자증권(주)",,"500","3600","9140482","73004309","73004309","자연과학 및 공학 연구개발업","대한민국"
"122","431190","케이쓰리아이","KOSDAQ","주권","보통주","2024/08/20",,"신규상장","하나증권주식회사",,"500","15500","1400000","7486442","7486442","소프트웨어 개발 및 공급업","대한민국"
"123","432980","엠에프씨","KOSDAQ","주권","보통주","2024/12/26",,,"하나증권주식회사",,"500",,,"8591742","8591742","기초 의약물질 제조업","대한민국"
"124","435570","에르코스","KOSDAQ","주권","보통주","2025/02/28",,,"키움증권(주)",,"500",,,"7019754","7019754","도시락 및 식사용 조리식품 제조업","대한민국"
"125","437730","삼현","KOSDAQ","주권","보통주","2024/03/21",,"신규상장","한국투자증권(주)",,"500","30000","2000000","10569189","10569189","자동차 신품 부품 제조업","대한민국"
"126","439260","대한조선","KOSPI","주권","보통주","2025/08/01",,"신규상장","신영증권(주),KB증권(주),엔에이치투자증권(주)",,"5000","50000","10000000","38526312","38526312","선박 및 보트 건조업","대한민국"
"127","440290","HB인베스트먼트","KOSDAQ","주권","보통주","2024/01/25",,"신규상장","엔에이치투자증권(주)",,"500","3400","6667000","26867010","26867010","기타 금융업","대한민국"
"128","443060","HD현대마린솔루션","KOSPI","주권","보통주","2024/05/08",,"신규상장","신한투자증권 주식회사,하나증권주식회사,유비에스증권 리미티드 서울지점,CS증권 서울지점,제이피모간증권회사 서울지점,KB증권(주)",,"500","83400","8900000","44450000","44450000","건축기술, 엔지니어링 및 관련 기술 서비스업","대한민국"
"129","443670","에스피소프트","KOSDAQ","주권","보통주","2024/02/15",,,"IBK투자증권(주)",,"100",,,"21197026","21197026","컴퓨터 프로그래밍, 시스템 통합 및 관리업","대한민국"
"130","444530","심플랫폼","KOSDAQ","주권","보통주","2025/03/21",,"신규상장","KB증권(주)",,"500","15000","920000","6135447","6135447","소프트웨어 개발 및 공급업","대한민국"
"131","448900","한국피아이엠","KOSDAQ","주권","보통주","2025/04/04",,"이전상장","IBK투자증권(주)",,"500","11200","1300000","3861000","6004457","자동차 신품 부품 제조업","대한민국"
"132","450330","하스","KOSDAQ","주권","보통주","2024/07/03",,"신규상장","삼성증권(주)",,"500","16000","1810000","7836009","7836009","의료용품 및 기타 의약 관련제품 제조업","대한민국"
"133","450950","아스테라시스","KOSDAQ","주권","보통주","2025/01/24",,"신규상장","DB증권주식회사",,"100","4600","3650000","36514642","36514642","의료용 기기 제조업","대한민국"
"134","451250","삐아","KOSDAQ","주권","보통주","2024/04/25",,,"신영증권(주)",,"500",,,"9682187","9682187","기타 화학제품 제조업","대한민국"
"135","452190","한빛레이저","KOSDAQ","주권","보통주","2024/01/04",,,"DB증권주식회사",,"100",,,"21285412","21285412","특수 목적용 기계 제조업","대한민국"
"136","452200","민테크","KOSDAQ","주권","보통주","2024/05/03",,"신규상장","KB증권(주)",,"100","10500","3000000","21945300","21945300","측정, 시험, 항해, 제어 및 기타 정밀기기 제조업; 광학기기 제외","대한민국"
"137","452400","이닉스","KOSDAQ","주권","보통주","2024/02/01",,"신규상장","삼성증권(주)",,"500","14000","3000000","9071428","9071428","자동차 신품 부품 제조업","대한민국"
"138","452430","사피엔반도체","KOSDAQ","주권","보통주","2024/02/19",,,"하나증권주식회사",,"100",,,"7800876","7800876","반도체 제조업","대한민국"
"139","452450","피아이이","KOSDAQ","주권","보통주","2025/02/04",,"신규상장","삼성증권(주)",,"100","5000","3600000","35826000","35826000","특수 목적용 기계 제조업","대한민국"
"140","453450","그리드위즈","KOSDAQ","주권","보통주","2024/06/14",,"신규상장","삼성증권(주)",,"200","40000","1400000","7942750","7942750","그외 기타 전문, 과학 및 기술 서비스업","대한민국"
"141","455180","케이지에이","KOSDAQ","주권","보통주","2025/06/17",,,"삼성증권(주)",,"500",,,"12094172","12094172","특수 목적용 기계 제조업","대한민국"
"142","455900","엔젤로보틱스","KOSDAQ","주권","보통주","2024/03/26",,"신규상장","엔에이치투자증권(주)",,"500","20000","1600000","14014976","14014976","특수 목적용 기계 제조업","대한민국"
"143","456010","아이씨티케이","KOSDAQ","주권","보통주","2024/05/17",,"신규상장","엔에이치투자증권(주)",,"500","20000","1970000","13124496","13124496","반도체 제조업","대한민국"
"144","456070","이엔셀","KOSDAQ","주권","보통주","2024/08/23",,"신규상장","엔에이치투자증권(주)",,"500","15300","1566800","9349954","9349954","기초 의약물질 제조업","대한민국"
"145","456160","지투지바이오","KOSDAQ","주권","보통주","2025/08/14",,"신규상장","미래에셋증권 주식회사",,"500","58000","900000","5365694","5365694","의약품 제조업","대한민국"
"146","457370","한켐","KOSDAQ","주권","보통주","2024/10/22",,"신규상장","신영증권(주)",,"500","18000","1600000","8027134","8027134","기초 화학물질 제조업","대한민국"
"147","457550","우진엔텍","KOSDAQ","주권","보통주","2024/01/24",,"신규상장","KB증권(주)",,"500","5300","2060000","9271339","9271339","그외 기타 전문, 과학 및 기술 서비스업","대한민국"
"148","457600","벡트","KOSDAQ","주권","보통주","2024/12/16",,"신규상장","신한투자증권 주식회사",,"100","3900","4750000","13707500","13707500","영상 및 음향기기 제조업","대한민국"
"149","458650","성우","KOSDAQ","주권","보통주","2024/10/31",,"신규상장","한국투자증권(주)",,"500","32000","3000000","15045670","15045670","일차전지 및 이차전지 제조업","대한민국"
"150","458870","씨어스","KOSDAQ","주권","보통주","2024/06/19",,"신규상장","한국투자증권(주)",,"500","17000","1300000","12293880","12293880","의료용 기기 제조업","대한민국"
"151","459100","위츠","KOSDAQ","주권","보통주","2024/11/20",,"신규상장","신한투자증권 주식회사",,"500","6400","3000000","12416000","12416000","전자부품 제조업","대한민국"
"152","459510","나우로보틱스","KOSDAQ","주권","보통주","2025/05/08",,"신규상장","대신증권(주),iM증권",,"500","6800","2500000","12547732","12547732","특수 목적용 기계 제조업","대한민국"
"153","459550","알트","KOSDAQ","주권","보통주","2025/11/17",,,"IBK투자증권(주)",,"100",,,"23798764","23798764","통신 및 방송 장비 제조업","대한민국"
"154","460470","아이빔테크놀로지","KOSDAQ","주권","보통주","2024/08/06",,"신규상장","삼성증권(주)",,"500","10000","2234000","14965620","14965620","사진장비 및 광학기기 제조업","대한민국"
"155","460870","에스엠씨지","KOSDAQ","주권","보통주","2025/03/07",,,"키움증권(주)",,"100",,,"18403305","18403305","유리 및 유리제품 제조업","대한민국"
"156","460930","현대힘스","KOSDAQ","주권","보통주","2024/01/26",,"신규상장","미래에셋증권 주식회사",,"500","7300","8707000","34824000","34824000","선박 및 보트 건조업","대한민국"
"157","460940","피앤에스로보틱스","KOSDAQ","주권","보통주","2024/07/31",,"신규상장","키움증권(주)",,"500","22000","1350000","6471740","6471740","의료용 기기 제조업","대한민국"
"158","461030","아이엠비디엑스","KOSDAQ","주권","보통주","2024/04/03",,"신규상장","미래에셋증권 주식회사",,"100","13000","2500000","13992625","13992625","자연과학 및 공학 연구개발업","대한민국"
"159","461300","아이스크림미디어","KOSDAQ","주권","보통주","2024/08/30",,"신규상장","삼성증권(주)",,"500","32000","2460000","13063433","13063433","소프트웨어 개발 및 공급업","대한민국"
"160","462310","뉴키즈온","KOSDAQ","주권","보통주","2025/07/09",,,"KB증권(주)",,"100",,,"7902000","7902000","봉제의복 제조업","대한민국"
"161","462350","이노스페이스","KOSDAQ","주권","보통주","2024/07/02",,"신규상장","미래에셋증권 주식회사",,"1000","43300","1330000","9375694","9375694","항공기,우주선 및 부품 제조업","대한민국"
"162","462510","라메디텍","KOSDAQ","주권","보통주","2024/06/17",,"신규상장","대신증권(주)",,"500","16000","1298000","8650735","8650735","의료용 기기 제조업","대한민국"
"163","462860","더즌","KOSDAQ","주권","보통주","2025/03/24",,"신규상장","한국투자증권(주)",,"100","9000","2500000","23561578","23561578","전기 통신업","대한민국"
"164","462870","시프트업","KOSPI","주권","보통주","2024/07/11",,"신규상장","한국투자증권(주),제이피모간증권회사 서울지점,엔에이치투자증권(주)",,"200","60000","7250000","58025720","58025720","소프트웨어 개발 및 공급업","대한민국"
"165","462980","아이지넷","KOSDAQ","주권","보통주","2025/02/04",,"신규상장","한국투자증권(주)",,"500","7000","2000000","18234437","18234437","기타 정보 서비스업","대한민국"
"166","463020","뉴엔AI","KOSDAQ","주권","보통주","2025/07/04",,"신규상장","엔에이치투자증권(주)",,"500","15000","2220000","8879200","8879200","소프트웨어 개발 및 공급업","대한민국"
"167","463480","모티브링크","KOSDAQ","주권","보통주","2025/02/20",,"신규상장","미래에셋증권 주식회사",,"200","6000","3020590","12390358","12390358","전자부품 제조업","대한민국"
"168","464080","에스오에스랩","KOSDAQ","주권","보통주","2024/06/25",,"신규상장","한국투자증권(주)",,"100","11500","2000000","17529140","17529140","측정, 시험, 항해, 제어 및 기타 정밀기기 제조업; 광학기기 제외","대한민국"
"169","464280","티디에스팜","KOSDAQ","주권","보통주","2024/08/21",,"신규상장","한국투자증권(주)",,"100","13000","1000000","5530000","5530000","의약품 제조업","대한민국"
"170","464490","쿼드메디슨","KOSDAQ","주권","보통주","2025/12/12",,"신규상장","엔에이치투자증권(주)",,"500","15000","1700000","11341443","11341443","기초 의약물질 제조업","대한민국"
"171","464500","아이언디바이스","KOSDAQ","주권","보통주","2024/09/23",,"신규상장","대신증권(주)",,"500","7000","3000000","13653263","13653263","반도체 제조업","대한민국"
"172","464580","닷밀","KOSDAQ","주권","보통주","2024/11/13",,"신규상장","미래에셋증권 주식회사",,"500","13000","1200000","9147948","9147948","영화, 비디오물, 방송프로그램 제작 및 배급업","대한민국"
"173","465480","인스피언","KOSDAQ","주권","보통주","2024/10/18",,"신규상장","한국투자증권(주)",,"100","12000","2250000","10137772","10137772","소프트웨어 개발 및 공급업","대한민국"
"174","466100","클로봇","KOSDAQ","주권","보통주","2024/10/28",,"신규상장","미래에셋증권 주식회사",,"500","13000","3000000","23942906","23942906","소프트웨어 개발 및 공급업","대한민국"
"175","466410","사이냅소프트","KOSDAQ","주권","보통주","2024/11/19",,"신규상장","엔에이치투자증권(주)",,"500","24500","1010000","5037023","5037023","소프트웨어 개발 및 공급업","대한민국"
"176","466690","키움히어로제1호스팩","KOSDAQ","주권","보통주","2025/12/12",,"신규상장","키움증권(주)",,"100","2000","4500000","5095000","5095000","금융 지원 서비스업","대한민국"
"177","468530","프로티나","KOSDAQ","주권","보통주","2025/07/29",,"신규상장","한국투자증권(주)",,"100","14000","1500000","10784365","10784365","자연과학 및 공학 연구개발업","대한민국"
"178","468760","유진스팩10호","KOSDAQ","주권","보통주","2024/02/29",,"신규상장","유진투자증권(주)",,"100","2000","4000000","4240000","4240000","금융 지원 서비스업","대한민국"
"179","469480","IBKS제24호스팩","KOSDAQ","주권","보통주","2024/02/01",,"신규상장","IBK투자증권(주)",,"100","2000","4000000","4230000","4230000","금융 지원 서비스업","대한민국"
"180","469610","이노테크","KOSDAQ","주권","보통주","2025/11/07",,"신규상장","KB증권(주)",,"500","14700","1760000","8876900","8876900","특수 목적용 기계 제조업","대한민국"
"181","469750","아이비젼웍스","KOSDAQ","주권","보통주","2024/09/03",,,"하나증권주식회사",,"100",,,"33861203","33861203","특수 목적용 기계 제조업","대한민국"
"182","469900","하나31호스팩","KOSDAQ","주권","보통주","2024/03/05",,"신규상장","하나증권주식회사",,"100","2000","5000000","5605000","5605000","금융 지원 서비스업","대한민국"
"183","471050","대신밸런스제17호스팩","KOSDAQ","주권","보통주","2024/01/24","2026/09/01","신규상장","대신증권(주)",,"100","2000","5500000","6060000","6060000","금융 지원 서비스업","대한민국"
"184","471820","셀로맥스사이언스","KOSDAQ","주권","보통주","2024/12/13",,,"한화투자증권(주)",,"100",,,"11644079","11644079","기타 식품 제조업","대한민국"
"185","472220","신영스팩10호","KOSDAQ","주권","보통주","2024/02/06",,"신규상장","신영증권(주)",,"100","2000","4575000","4690000","4690000","금융 지원 서비스업","대한민국"
"186","472230","에스케이증권제11호스팩","KOSDAQ","주권","보통주","2024/03/04",,"신규상장","SK증권(주)",,"100","2000","4000000","4155000","4155000","금융 지원 서비스업","대한민국"
"187","472850","폰드그룹","KOSDAQ","주권","보통주","2024/02/02",,"재상장","엔에이치투자증권(주)",,"500",,,"32343933","32343933","봉제의복 제조업","대한민국"
"188","473000","에스케이증권제12호스팩","KOSDAQ","주권","보통주","2024/05/07",,"신규상장","SK증권(주)",,"100","2000","3000000","3310000","3310000","금융 지원 서비스업","대한민국"
"189","473050","유안타제15호스팩","KOSDAQ","주권","보통주","2024/02/29",,"신규상장","유안타증권(주)",,"100","2000","6500000","7010000","7010000","금융 지원 서비스업","대한민국"
"190","473370","비엔케이제2호스팩","KOSDAQ","주권","보통주","2024/03/05","2026/04/03","신규상장","(주)비엔케이투자증권",,"100","2000","4000000","4210000","4210000","금융 지원 서비스업","대한민국"
"191","473950","에스케이증권제13호스팩","KOSDAQ","주권","보통주","2024/07/25",,"신규상장","SK증권(주)",,"100","2000","4000000","4420000","4420000","금융 지원 서비스업","대한민국"
"192","473980","노머스","KOSDAQ","주권","보통주","2024/11/12",,"신규상장","대신증권(주)",,"500","30200","1130000","10709617","10709617","창작 및 예술관련 서비스업","대한민국"
"193","474170","루미르","KOSDAQ","주권","보통주","2024/10/21",,"신규상장","엔에이치투자증권(주)",,"500","12000","2400000","17154696","17154696","항공기,우주선 및 부품 제조업","대한민국"
"194","474490","유안타제16호스팩","KOSDAQ","주권","보통주","2024/05/02",,"신규상장","유안타증권(주)",,"100","2000","5150000","5510000","5510000","금융 지원 서비스업","대한민국"
"195","474610","RF시스템즈","KOSDAQ","주권","보통주","2024/11/19",,,"교보증권(주)",,"100",,,"12582063","12582063","기타 금속 가공제품 제조업","대한민국"
"196","474650","링크솔루션","KOSDAQ","주권","보통주","2025/06/10",,"신규상장","신영증권(주)",,"100","23000","900000","5579032","5579032","특수 목적용 기계 제조업","대한민국"
"197","474660","신한제12호스팩","KOSDAQ","주권","보통주","2024/04/15",,"신규상장","신한투자증권 주식회사",,"100","2000","5000000","5520000","5520000","금융 지원 서비스업","대한민국"
"198","474930","신한제13호스팩","KOSDAQ","주권","보통주","2024/04/22",,"신규상장","신한투자증권 주식회사",,"100","2000","3000000","3620000","3620000","금융 지원 서비스업","대한민국"
"199","475150","SK이터닉스","KOSPI","주권","보통주","2024/03/29",,"재상장","엔에이치투자증권(주)",,"200",,,"25560170","25560170","건물 건설업","대한민국"
"200","475230","엔알비","KOSDAQ","주권","보통주","2025/07/28",,"신규상장","엔에이치투자증권(주)",,"500","21000","2100000","10427139","10427139","기타 금속 가공제품 제조업","대한민국"
"201","475240","하나32호스팩","KOSDAQ","주권","보통주","2024/03/27",,"신규상장","하나증권주식회사",,"100","2000","3000000","3200000","3200000","금융 지원 서비스업","대한민국"
"202","475250","하나33호스팩","KOSDAQ","주권","보통주","2024/04/24",,"신규상장","하나증권주식회사",,"100","2000","3500000","3700000","3700000","금융 지원 서비스업","대한민국"
"203","475400","씨메스로보틱스","KOSDAQ","주권","보통주","2024/10/24",,"신규상장","유진투자증권(주),삼성증권(주)",,"500","30000","2600000","11437710","11437710","특수 목적용 기계 제조업","대한민국"
"204","475430","키스트론","KOSDAQ","주권","보통주","2025/06/02",,"신규상장","신한투자증권 주식회사",,"500","3600","6300000","17848110","17848110","절연선 및 케이블 제조업","대한민국"
"205","475460","미트박스","KOSDAQ","주권","보통주","2025/01/23",,"신규상장","미래에셋증권 주식회사",,"100","19000","1000000","5559750","5559750","기타 정보 서비스업","대한민국"
"206","475560","더본코리아","KOSPI","주권","보통주","2024/11/06",,"신규상장","한국투자증권(주),엔에이치투자증권(주)",,"500","34000","3000000","14466030","14466030","상품 종합 도매업","대한민국"
"207","475580","에이럭스","KOSDAQ","주권","보통주","2024/11/01",,"신규상장","한국투자증권(주)",,"200","16000","1500000","13237930","13237930","그외 기타 제품 제조업","대한민국"
"208","475660","에스켐","KOSDAQ","주권","보통주","2024/11/18",,"신규상장","엔에이치투자증권(주)",,"500","10000","1950000","7781835","7781835","기타 화학제품 제조업","대한민국"
"209","475830","오름테라퓨틱","KOSDAQ","주권","보통주","2025/02/14",,"신규상장","한국투자증권(주)",,"100","20000","2500000","20929118","20929118","기초 의약물질 제조업","대한민국"
"210","475960","토모큐브","KOSDAQ","주권","보통주","2024/11/07",,"신규상장","대신증권(주)",,"500","16000","2000000","12731194","12731194","사진장비 및 광학기기 제조업","대한민국"
"211","476040","오가노이드사이언스","KOSDAQ","주권","보통주","2025/05/09",,"신규상장","한국투자증권(주)",,"500","21000","1200000","6505950","6505950","자연과학 및 공학 연구개발업","대한민국"
"212","476060","온코닉테라퓨틱스","KOSDAQ","주권","보통주","2024/12/19",,"신규상장","엔에이치투자증권(주)",,"500","13000","1550000","10803960","10803960","자연과학 및 공학 연구개발업","대한민국"
"213","476080","M83","KOSDAQ","주권","보통주","2024/08/22",,"신규상장","신영증권(주)",,"100","16000","1500000","7785000","7785000","영화, 비디오물, 방송프로그램 제작 및 배급업","대한민국"
"214","476470","KB제28호스팩","KOSDAQ","주권","보통주","2024/05/17","2025/07/09","신규상장","KB증권(주)",,"100","2000","5000000","5505000","5505000","금융 지원 서비스업","대한민국"
"215","476710","타조이엔터테인먼트","KONEX","주권","보통주","2024/10/30",,"신규상장","아이비케이투자증권(주)",,"100",,,"1000000","1000000","창작 및 예술관련 서비스업","대한민국"
"216","476830","알지노믹스","KOSDAQ","주권","보통주","2025/12/18",,"신규상장","엔에이치투자증권(주),삼성증권(주)",,"500","22500","2060000","13756000","13756000","자연과학 및 공학 연구개발업","대한민국"
"217","477340","에이치엠씨제7호스팩","KOSDAQ","주권","보통주","2024/06/24",,"신규상장","현대차증권주식회사",,"100","2000","7000000","7510000","7510000","금융 지원 서비스업","대한민국"
"218","477380","미래에셋비전스팩4호","KOSDAQ","주권","보통주","2024/05/29",,"신규상장","미래에셋증권 주식회사",,"100","2000","6650000","8100000","8100000","금융 지원 서비스업","대한민국"
"219","477470","미래에셋비전스팩5호","KOSDAQ","주권","보통주","2024/06/19",,"신규상장","미래에셋증권 주식회사",,"100","2000","4750000","5480000","5480000","금융 지원 서비스업","대한민국"
"220","477530","한국제14호스팩","KOSDAQ","주권","보통주","2024/06/19","2025/04/29","신규상장","한국투자증권(주)",,"100","2000","4000000","4810000","4810000","금융 지원 서비스업","대한민국"
"221","477760","DB금융스팩12호","KOSDAQ","주권","보통주","2024/06/18",,"신규상장","DB증권주식회사",,"100","2000","5000000","5840000","5840000","기타 금융업","대한민국"
"222","478110","이베스트스팩6호","KOSDAQ","주권","보통주","2024/07/12",,"신규상장","엘에스증권 주식회사",,"100","2000","4000000","5020000","5020000","금융 지원 서비스업","대한민국"
"223","478340","나라스페이스테크놀로지","KOSDAQ","주권","보통주","2025/12/17",,"신규상장","삼성증권(주)",,"100","16500","1720000","11533591","11533591","항공기,우주선 및 부품 제조업","대한민국"
"224","478390","KB제29호스팩","KOSDAQ","주권","보통주","2024/06/21",,"신규상장","KB증권(주)",,"100","2000","6000000","6220000","6220000","금융 지원 서비스업","대한민국"
"225","478440","미래에셋비전스팩6호","KOSDAQ","주권","보통주","2024/06/24",,"신규상장","미래에셋증권 주식회사",,"100","2000","6450000","6930000","6930000","금융 지원 서비스업","대한민국"
"226","478560","블랙야크아이앤씨","KOSDAQ","주권","보통주","2025/01/21",,,"미래에셋증권 주식회사",,"100",,,"24292555","24292555","신발 및 신발 부분품 제조업","대한민국"
"227","478780","대신밸런스제18호스팩","KOSDAQ","주권","보통주","2024/08/22","2026/01/14","신규상장","대신증권(주)",,"100","2000","6500000","7910000","7910000","금융 지원 서비스업","대한민국"
"228","479880","한국제15호스팩","KOSDAQ","주권","보통주","2024/06/26",,"신규상장","한국투자증권(주)",,"100","2000","6250000","6870000","6870000","금융 지원 서비스업","대한민국"
"229","479960","위너스일렉","KOSDAQ","주권","보통주","2025/02/24",,"신규상장","미래에셋증권 주식회사",,"200","8500","1700000","6851000","6851000","기타 전기장비 제조업","대한민국"
"230","480370","씨케이솔루션","KOSPI","주권","보통주","2025/03/17",,"신규상장","엔에이치투자증권(주)",,"100","15000","1500000","10934861","10934861","건축기술, 엔지니어링 및 관련 기술 서비스업","대한민국"
"231","481070","에이유브랜즈","KOSDAQ","주권","보통주","2025/04/03",,"신규상장","한국투자증권(주)",,"100","16000","2000000","14160000","14160000","섬유, 의복, 신발 및 가죽제품 소매업","대한민국"
"232","481890","엔에이치스팩31호","KOSDAQ","주권","보통주","2024/07/26",,"신규상장","엔에이치투자증권(주)",,"100","2000","6000000","6345000","6345000","금융 지원 서비스업","대한민국"
"233","482520","교보16호스팩","KOSDAQ","주권","보통주","2024/08/13",,"신규상장","교보증권(주)",,"100","2000","5800000","6100000","6100000","금융 지원 서비스업","대한민국"
"234","482630","삼양엔씨켐","KOSDAQ","주권","보통주","2025/02/03",,"신규상장","KB증권(주)",,"500","18000","1100000","10830140","10830140","기타 화학제품 제조업","대한민국"
"235","482680","미래에셋비전스팩7호","KOSDAQ","주권","보통주","2024/09/11",,"신규상장","미래에셋증권 주식회사",,"100","2000","7950000","8215000","8215000","금융 지원 서비스업","대한민국"
"236","482690","대신밸런스제19호스팩","KOSDAQ","주권","보통주","2024/11/20",,"신규상장","대신증권(주)",,"100","2000","5500000","5615000","5615000","금융 지원 서비스업","대한민국"
"237","483650","달바글로벌","KOSPI","주권","보통주","2025/05/22",,"신규상장","미래에셋증권 주식회사",,"100","66300","654000","12069665","12069665","기타 화학제품 제조업","대한민국"
"238","484120","도우인시스","KOSDAQ","주권","보통주","2025/07/23",,"신규상장","키움증권(주)",,"500","32000","1400000","10757022","10757022","전자부품 제조업","대한민국"
"239","484130","하나34호스팩","KOSDAQ","주권","보통주","2024/11/19",,"신규상장","하나증권주식회사",,"100","2000","4000000","4520000","4520000","금융 지원 서비스업","대한민국"
"240","484590","삼양컴텍","KOSDAQ","주권","보통주","2025/08/18",,"신규상장","신한투자증권 주식회사,엔에이치투자증권(주)",,"500","7700","14500000","41210450","41210450","무기 및 총포탄 제조업","대한민국"
"241","484810","티엑스알로보틱스","KOSDAQ","주권","보통주","2025/03/20",,"신규상장","신한투자증권 주식회사,엔에이치투자증권(주)",,"500","13500","3075400","15450915","15450915","일반 목적용 기계 제조업","대한민국"
"242","484870","엠앤씨솔루션","KOSPI","주권","보통주","2024/12/16",,"신규상장","KB증권(주)",,"100","65000","2400000","9153900","9153900","특수 목적용 기계 제조업","대한민국"
"243","486630","KB제30호스팩","KOSDAQ","주권","보통주","2024/09/25",,"신규상장","KB증권(주)",,"100","2000","5000000","5310000","5310000","금융 지원 서비스업","대한민국"
"244","486990","노타","KOSDAQ","주권","보통주","2025/11/03",,"신규상장","미래에셋증권 주식회사",,"100","9100","2916000","21161880","21161880","소프트웨어 개발 및 공급업","대한민국"
"245","487360","신한제14호스팩","KOSDAQ","주권","보통주","2024/12/23",,"신규상장","신한투자증권 주식회사",,"100","2000","5000000","5640000","5640000","금융 지원 서비스업","대한민국"
"246","487570","HS효성","KOSPI","주권","보통주","2024/07/29",,"재상장","KB증권(주)",,"5000",,,"3725927","3725927","기타 금융업","대한민국"
"247","487720","키움제10호스팩","KOSDAQ","주권","보통주","2024/12/20",,"신규상장","키움증권(주)",,"100","2000","3900000","4230000","4230000","금융 지원 서비스업","대한민국"
"248","487830","신한제15호스팩","KOSDAQ","주권","보통주","2024/11/15",,"신규상장","신한투자증권 주식회사",,"100","2000","3900000","4350000","4350000","금융 지원 서비스업","대한민국"
"249","488060","유진스팩11호","KOSDAQ","주권","보통주","2024/10/31",,"신규상장","유진투자증권(주)",,"100","2000","4500000","4720000","4720000","금융 지원 서비스업","대한민국"
"250","488280","에스투더블유","KOSDAQ","주권","보통주","2025/09/19",,"신규상장","대신증권(주)",,"500","13200","1580000","10587956","10587956","소프트웨어 개발 및 공급업","대한민국"
"251","488900","비츠로넥스텍","KOSDAQ","주권","보통주","2025/11/21",,"신규상장","엔에이치투자증권(주)",,"500","6900","4400000","28976443","28976443","항공기,우주선 및 부품 제조업","대한민국"
"252","489210","교보17호스팩","KOSDAQ","주권","보통주","2024/11/21",,"신규상장","교보증권(주)",,"100","2000","5000000","5180000","5180000","금융 지원 서비스업","대한민국"
"253","489460","바이오비쥬","KOSDAQ","주권","보통주","2025/05/20",,"신규상장","대신증권(주)",,"500","9100","3000000","15044430","15044430","기타 화학제품 제조업","대한민국"
"254","489480","키움제11호스팩","KOSDAQ","주권","보통주","2024/12/11",,"신규상장","키움증권(주)",,"100","2000","5000000","6600000","6600000","금융 지원 서비스업","대한민국"
"255","489500","엘케이켐","KOSDAQ","주권","보통주","2025/02/25",,"신규상장","신영증권(주)",,"100","21000","1000000","6278056","6278056","기타 화학제품 제조업","대한민국"
"256","489730","디비금융제13호스팩","KOSDAQ","주권","보통주","2024/11/28",,"신규상장","DB증권주식회사",,"100","2000","6000000","6332000","6332000","기타 금융업","대한민국"
"257","489790","한화비전","KOSPI","주권","보통주","2024/09/27",,"재상장","엔에이치투자증권(주)",,"500",,,"50488390","50488390","기타 금융업","대한민국"
"258","490470","세미파이브","KOSDAQ","주권","보통주","2025/12/29",,"신규상장","삼성증권(주),유비에스증권 리미티드 서울지점",,"1000","24000","5400000","33710466","33710466","건축기술, 엔지니어링 및 관련 기술 서비스업","대한민국"
"259","491000","리브스메드","KOSDAQ","주권","보통주","2025/12/24",,"신규상장","미래에셋증권 주식회사,삼성증권(주)",,"500","55000","2470000","24681691","24681691","의료용 기기 제조업","대한민국"
"260","492220","KB제31호스팩","KOSDAQ","주권","보통주","2024/12/12",,"신규상장","KB증권(주)",,"100","2000","6000000","6210000","6210000","금융 지원 서비스업","대한민국"
"261","493790","유안타제17호스팩","KOSDAQ","주권","보통주","2025/01/23",,"신규상장","유안타증권(주)",,"100","2000","5000000","5310000","5310000","금융 지원 서비스업","대한민국"
"262","494120","큐리오시스","KOSDAQ","주권","보통주","2025/11/13",,"신규상장","키움증권(주)",,"500","22000","1200000","7606082","7606082","사진장비 및 광학기기 제조업","대한민국"
"263","495810","유비씨","KONEX","주권","보통주","2024/12/23",,"신규상장","아이비케이투자증권(주)",,"100",,,"2500000","2500000","소프트웨어 개발 및 공급업","대한민국"
"264","495900","에이엠시지","KONEX","주권","보통주","2024/12/13","2026/01/27","신규상장","대신증권(주)",,"500",,,"4915384","4915384","의료용 기기 제조업","대한민국"
"265","496070","신한제16호스팩","KOSDAQ","주권","보통주","2025/05/29",,"신규상장","신한투자증권 주식회사",,"100","2000","5000000","5620000","5620000","금융 지원 서비스업","대한민국"
"266","496320","본시스템즈","KONEX","주권","보통주","2025/09/08",,"신규상장","아이비케이투자증권(주)",,"100",,,"1000000","1000000","특수 목적용 기계 제조업","대한민국"
"267","498390","한화플러스제5호스팩","KOSDAQ","주권","보통주","2025/03/20",,"신규상장","한화투자증권(주)",,"100","2000","4750000","4960000","4960000","금융 지원 서비스업","대한민국"
"268","499790","GS피앤엘","KOSPI","주권","보통주","2024/12/23",,"재상장","엔에이치투자증권(주)",,"1000",,,"19830841","19830841","기타 금융업","대한민국"
"269","0030R0","대신밸류리츠","KOSPI","부동산투자회사","보통주","2025/07/10",,"신규상장","한국투자증권(주),대신증권(주)",,"500","5000","19300000","59780000","59780000","신탁업 및 집합투자업","대한민국"
"270","481850","신한글로벌액티브리츠","KOSPI","부동산투자회사","보통주","2024/07/01",,"신규상장","신한투자증권 주식회사,한국투자증권(주)",,"1000","3000","23333334","43477664","43477664","신탁업 및 집합투자업","대한민국"