번호,종목코드,종목명,시장구분,증권구분,주식종류,상장일,폐지일,폐지사유,정리매매기간_시작일,정리매매기간_종료일,업종,액면가,상장주식수,이전상장후_종목코드,이전상장후_종목명
"1","004205","고려개발우","KOSPI","주권",,"1978/10/30","1985/04/22",,,,,,,,
"2","001935","효성물산우","KOSPI","주권",,"1977/06/30","1984/02/25",,,,,,,,
"3","029220","코오롱종합전기","KOSPI","주권",,"1976/05/01","1985/12/07","해산 사유 발생",,,,,,,
"4","029210","대한석유지주","KOSPI","주권",,"1976/08/18","1985/05/25","해산 사유 발생",,,,,,,
"5","029200","대농건설","KOSPI","주권",,"1977/12/23","1985/03/16","해산 사유 발생",,,,,,,
"6","029205","대농건설우","KOSPI","주권",,"1977/12/23","1985/03/16","종목별 상장폐지신청",,,,,,,
"7","029190","삼미광업개발","KOSPI","주권",,"1966/10/04","1985/01/30","해산 사유 발생",,,,,,,
"8","028400","미성건설","KOSPI","주권",,"1978/07/18","1985/01/20","영업활동정지 6월 계속","1985/01/04","1985/01/19",,,,,
"9","028405","미성건설우","KOSPI","주권",,"1978/07/18","1985/01/20","영업활동정지 6월 계속","1985/01/04","1985/01/19",,,,,
"10","029180","삼양타이어","KOSPI","주권",,"1974/03/11","1984/12/22","해산 사유 발생",,,,,,,
"11","028390","신동양건설","KOSPI","주권",,"1978/09/15","1984/10/06","영업활동정지 6월 계속","1984/09/18","1984/10/05",,,,,
"12","028395","신동양건설우","KOSPI","주권",,"1978/09/15","1984/10/06","영업활동정지 6월 계속","1984/09/18","1984/10/05",,,,,
"13","028380","한국생사","KOSPI","주권",,"1978/07/24","1984/10/06","최종부도발생","1984/09/18","1984/10/05",,,,,
"14","028385","한국생사우","KOSPI","주권",,"1978/07/24","1984/10/06","최종부도발생","1984/09/18","1984/10/05",,,,,
"15","029170","부국제강","KOSPI","주권",,"1976/05/29","1984/09/14","해산 사유 발생",,,,,,,
"16","029160","세방해운","KOSPI","주권",,"1975/12/26","1984/07/14","해산 사유 발생",,,,,,,
"17","029150","삼보증권","KOSPI","주권",,"1975/09/30","1984/01/18","해산 사유 발생",,,,,,,
"18","029155","삼보증권우","KOSPI","주권",,"1975/09/30","1984/01/18","해산 사유 발생",,,,,,,
"19","029155","삼보증권우","KOSPI","주권",,"1975/09/30","1984/01/18","종목별 상장폐지신청",,,,,,,